0,1,2,3,4,5,6,7
7.999350547790527,6.544924736022949,5.750052452087402,5.462984561920166,7.345437049865723,8.470580101013184,6.782489776611328,8.604804039001465
6.2588911056518555,5.063563346862793,4.326423645019531,3.886514663696289,5.915704727172852,8.028502464294434,6.535757541656494,6.532892227172852
3.4766626358032227,2.8829362392425537,2.4158949851989746,2.010786771774292,3.551215648651123,5.487679481506348,4.297366619110107,3.8011274337768555
2.8792927265167236,2.5100347995758057,2.09244966506958,1.7773234844207764,3.1432604789733887,5.312901496887207,3.8995232582092285,3.201552391052246
1.9935603141784668,1.7125022411346436,1.544584035873413,0.9098484516143799,2.2896888256073,4.637962341308594,2.7239160537719727,2.334728717803955
2.0485894680023193,1.6330456733703613,1.6320366859436035,0.9549810886383057,2.441434144973755,4.822124481201172,2.8461456298828125,2.3663318157196045
1.4893724918365479,1.088759422302246,1.109088659286499,0.35621070861816406,1.7090058326721191,3.847627639770508,1.9459917545318604,1.7977497577667236
2.6325430870056152,1.974992036819458,1.617236614227295,1.5514023303985596,3.252608299255371,4.612731456756592,3.6983447074890137,2.764791488647461
1.9265835285186768,1.3993346691131592,1.4399302005767822,0.7065936326980591,2.377683401107788,3.8808584213256836,2.2776622772216797,2.3287007808685303
2.4840564727783203,1.969703197479248,1.5145576000213623,1.237396478652954,3.4125771522521973,4.121396064758301,3.4853272438049316,2.8477683067321777
2.2423908710479736,1.957092523574829,1.6776964664459229,1.0252089500427246,2.898967981338501,4.31643533706665,2.841228485107422,2.687370777130127
2.42232608795166,2.253404378890991,1.5646355152130127,1.251326560974121,3.3373665809631348,4.478915214538574,3.2648234367370605,2.955936908721924
1.8941209316253662,1.661864995956421,1.146984338760376,0.8269271850585938,2.9455156326293945,3.413878917694092,2.6177563667297363,2.658198356628418
2.8359625339508057,3.201939582824707,1.8902325630187988,1.7880666255950928,3.9212374687194824,5.200860023498535,3.8332533836364746,3.6363582611083984
1.9273910522460938,2.039675235748291,1.2669763565063477,0.8581444025039673,2.9457790851593018,3.8129262924194336,2.6578540802001953,2.826521635055542
1.706181526184082,1.8409807682037354,1.2728040218353271,0.7082897424697876,2.7622203826904297,3.5683956146240234,2.3280155658721924,2.788902521133423
1.7335891723632812,2.035299062728882,1.1469824314117432,0.8125437498092651,2.8677899837493896,3.5864109992980957,2.6946277618408203,2.910554885864258
1.3718552589416504,1.619896650314331,0.9089255332946777,0.6670112609863281,2.51952862739563,2.7314698696136475,2.4513590335845947,2.6089348793029785
1.7903306484222412,2.216320037841797,1.1487095355987549,1.081822395324707,3.0010228157043457,3.301301956176758,2.9476230144500732,3.1496124267578125
1.6366300582885742,1.922619104385376,1.24562406539917,0.8725624084472656,2.8101894855499268,3.240260601043701,2.6442949771881104,2.916875123977661
1.8467991352081299,2.3125011920928955,1.4244554042816162,1.0875201225280762,3.0321874618530273,3.8075594902038574,2.7681379318237305,3.220391273498535
2.6076247692108154,4.250901222229004,1.657195806503296,2.2510077953338623,3.3201146125793457,4.815026760101318,3.762974739074707,3.3323488235473633
1.5471396446228027,1.8651866912841797,1.3341612815856934,0.9084389209747314,2.728472948074341,3.1236276626586914,2.499701738357544,3.0742616653442383
1.6631195545196533,2.0449109077453613,1.4739046096801758,0.9135174751281738,2.695181131362915,3.4744462966918945,2.382976531982422,3.212477207183838
1.6266148090362549,2.2425360679626465,1.2871718406677246,1.3598036766052246,2.9398560523986816,3.2644338607788086,3.069307327270508,3.0528135299682617
2.5365147590637207,3.5223865509033203,2.0845513343811035,2.0311684608459473,3.8297643661499023,4.610620498657227,3.917304039001465,4.327165126800537
2.0363926887512207,2.67329740524292,1.6869661808013916,1.562899112701416,3.2218151092529297,3.832068920135498,3.1729369163513184,3.7995266914367676
1.9941940307617188,2.4760825634002686,1.7984564304351807,1.3115026950836182,3.003176689147949,3.896735668182373,2.9040894508361816,3.7052087783813477
2.0833075046539307,2.7830944061279297,1.9532010555267334,1.366873025894165,3.17657470703125,4.099050521850586,3.2065577507019043,3.824171543121338
2.370373249053955,3.239968776702881,2.3944530487060547,1.697838306427002,3.491117477416992,4.464102268218994,3.668666362762451,4.387060642242432
2.60007905960083,3.6593551635742188,1.9793739318847656,1.9063823223114014,3.2419252395629883,4.913827419281006,3.6681747436523438,3.915688991546631
2.4690492153167725,3.3013854026794434,1.9973554611206055,1.8671746253967285,3.3722996711730957,4.471231937408447,3.6861767768859863,4.069486141204834
2.638489246368408,3.967162609100342,2.319931745529175,2.134852170944214,3.6549859046936035,4.894785404205322,4.275277137756348,4.308796405792236
2.423234224319458,3.468776226043701,2.403748035430908,1.6352388858795166,3.1858253479003906,4.678898334503174,3.737762928009033,4.203719615936279
1.5004792213439941,1.7544710636138916,2.090972900390625,0.6050208806991577,2.1904985904693604,3.011617660522461,2.259248971939087,3.6145524978637695
1.2124931812286377,1.6981682777404785,1.7245056629180908,0.7740904092788696,2.201282024383545,2.6382524967193604,2.518108367919922,3.1900081634521484
1.7522070407867432,2.655407428741455,1.0581917762756348,1.498833417892456,2.6954236030578613,3.2086806297302246,3.032433032989502,2.8193280696868896
1.8588712215423584,2.139003276824951,2.3128433227539062,0.8923059701919556,2.531728744506836,3.451910972595215,2.677272081375122,4.102622985839844
2.715494394302368,4.08051061630249,2.382990598678589,2.0032718181610107,3.6978325843811035,4.99017858505249,4.205227375030518,4.150391578674316
2.4778037071228027,3.6268463134765625,2.2608354091644287,1.673598051071167,3.571265697479248,4.599653244018555,3.9253416061401367,4.315320014953613
2.175166130065918,2.907597303390503,2.48036527633667,1.2272427082061768,3.2260074615478516,3.938788890838623,3.386531352996826,4.0242018699646
2.5939395427703857,3.7563648223876953,1.407721996307373,1.7403786182403564,3.158660411834717,4.118894100189209,3.2523889541625977,3.0313010215759277
2.479609489440918,3.3698530197143555,2.2083852291107178,1.3864641189575195,3.4407482147216797,4.460235595703125,3.6353468894958496,3.9978842735290527
2.339285373687744,3.1746325492858887,2.358826160430908,1.191589593887329,3.426079750061035,4.237281799316406,3.551266670227051,4.026350021362305
2.124279737472534,3.0157647132873535,2.2206990718841553,1.192577838897705,3.4512009620666504,3.947360038757324,3.4488296508789062,3.82473087310791
2.1604180335998535,3.1841092109680176,1.4292552471160889,1.3415977954864502,3.445709228515625,3.9571962356567383,3.356217861175537,2.8002707958221436
2.3489267826080322,3.2714028358459473,2.5364491939544678,1.1902635097503662,3.551539897918701,4.4430036544799805,3.5855517387390137,4.076625823974609
2.529323101043701,3.9279942512512207,2.441826581954956,1.4392387866973877,3.863480567932129,4.751695156097412,4.061569690704346,3.9450087547302246
2.429415225982666,3.630028247833252,2.3309061527252197,1.2474055290222168,3.842275619506836,4.655531406402588,3.7684497833251953,3.8743715286254883
2.593461751937866,4.157037258148193,2.134106159210205,1.6236021518707275,4.123934745788574,4.741738319396973,4.149592399597168,3.425283432006836
2.2539169788360596,3.421938896179199,1.8029322624206543,1.2657396793365479,4.016570091247559,4.118157863616943,3.699787139892578,2.982164144515991
2.699458360671997,4.2710347175598145,2.315450429916382,1.4778356552124023,4.153443336486816,4.931949138641357,4.267552852630615,3.62306547164917
2.2286274433135986,3.6775898933410645,1.6910128593444824,1.3058664798736572,3.818291664123535,4.1679253578186035,3.8347043991088867,2.7684030532836914
2.13181471824646,2.9857850074768066,2.4219555854797363,0.8582937717437744,3.1808905601501465,4.0378265380859375,3.191622734069824,3.705108165740967
2.2747209072113037,3.5146923065185547,2.254795551300049,1.132723093032837,3.529552936553955,4.451251029968262,3.678313732147217,3.557077407836914
2.3067142963409424,3.2909412384033203,2.004312515258789,1.0168616771697998,4.112093448638916,4.372574806213379,3.8306360244750977,3.1210546493530273
2.4509966373443604,3.3534741401672363,2.1085219383239746,1.0273969173431396,4.4824347496032715,4.497025489807129,3.815978527069092,3.4529685974121094
2.654353380203247,4.029847145080566,2.351386547088623,1.2668931484222412,4.359653949737549,4.923150062561035,4.227978706359863,3.4383368492126465
2.535576105117798,3.936509132385254,1.964895248413086,1.3033223152160645,4.538670063018799,4.784535884857178,4.222968578338623,2.7878377437591553
2.422579526901245,3.8668928146362305,1.9306190013885498,1.1616878509521484,4.126187324523926,4.744357585906982,4.118978023529053,2.5194387435913086
2.227200984954834,3.3693900108337402,2.2289326190948486,0.9916238784790039,4.146407127380371,4.666987419128418,3.7839293479919434,3.02602481842041
1.94065260887146,3.2645015716552734,2.012432813644409,0.9514964818954468,3.798403739929199,4.22562837600708,3.6636276245117188,2.8073530197143555
2.4214961528778076,3.853516101837158,2.124352216720581,1.155735731124878,4.196226596832275,5.001869201660156,4.013805866241455,3.0290184020996094
2.4962525367736816,4.033397197723389,1.8286066055297852,1.2536273002624512,4.449742317199707,5.2044148445129395,4.205155372619629,2.507319927215576
2.558345317840576,3.926754951477051,1.9821381568908691,1.285494089126587,4.612200736999512,5.174722194671631,4.162621021270752,2.8173701763153076
2.217390537261963,3.225912094116211,1.6067795753479004,0.9805471897125244,4.562642574310303,4.709887981414795,3.746990203857422,2.572941303253174
1.8185622692108154,2.8218820095062256,2.119004249572754,0.7373322248458862,3.4743876457214355,3.937776565551758,3.3349103927612305,2.9484806060791016
2.123063325881958,3.373979091644287,1.592653751373291,0.975536584854126,4.231649398803711,4.548268795013428,3.7208609580993652,2.405289888381958
2.157248020172119,3.7695059776306152,1.9059269428253174,1.02626633644104,3.540581226348877,4.820765972137451,3.592256546020508,2.4080393314361572
2.0003089904785156,3.0623154640197754,2.035630464553833,0.802781343460083,3.767698287963867,4.269001483917236,3.439754009246826,2.8652236461639404
2.214287281036377,3.518305778503418,0.8292578458786011,1.0607354640960693,3.8992481231689453,4.228416442871094,3.552109718322754,1.0269079208374023
2.2624247074127197,3.437394142150879,1.6629090309143066,0.9973874092102051,3.927639961242676,4.67186164855957,3.68414306640625,2.5694680213928223
2.0184669494628906,2.935046672821045,1.62192702293396,0.7305300235748291,4.142712116241455,4.408368110656738,3.511204242706299,2.4442951679229736
2.3635358810424805,3.8603010177612305,1.5149097442626953,1.1237080097198486,4.170093536376953,5.017925262451172,4.0158586502075195,2.111212730407715
1.976775884628296,3.141633987426758,1.74656343460083,0.7920986413955688,3.7783021926879883,4.738085746765137,3.4832534790039062,2.565429449081421
2.0117387771606445,3.1539111137390137,1.8108258247375488,0.7351831197738647,3.601515293121338,5.025959014892578,3.2041783332824707,2.5713024139404297
2.5942254066467285,3.7631587982177734,2.0661330223083496,0.9511959552764893,4.4584245681762695,5.386543273925781,4.21029806137085,2.8158445358276367
2.460618257522583,3.935771942138672,1.3901824951171875,1.0929741859436035,4.653714656829834,5.203608512878418,4.158722877502441,1.8326354026794434
2.331216335296631,3.2635369300842285,1.812943696975708,0.8026841878890991,4.303193092346191,4.904841899871826,3.881852626800537,2.6117782592773438
1.9524130821228027,3.397752285003662,1.534080982208252,0.9770996570587158,3.8527169227600098,4.664072513580322,3.679532527923584,2.06207537651062
2.105820894241333,3.1841344833374023,1.6295456886291504,0.7821406126022339,4.155450820922852,4.77079439163208,3.6384620666503906,2.3325510025024414
2.1011271476745605,3.2610812187194824,1.2496304512023926,0.7361259460449219,3.8041257858276367,4.815703868865967,3.318401336669922,1.807204246520996
2.1136996746063232,3.5822606086730957,1.7606451511383057,0.7523839473724365,3.2142038345336914,4.81319522857666,3.589602470397949,2.096205472946167
2.1320390701293945,3.7315926551818848,1.6187081336975098,0.9195860624313354,3.690127372741699,5.268772602081299,3.7204246520996094,2.164163827896118
2.219505548477173,3.6020150184631348,1.8541069030761719,0.8465615510940552,3.872713565826416,5.099609375,3.7615628242492676,2.2551181316375732
2.3015668392181396,3.5421838760375977,1.8921048641204834,0.9300075769424438,4.22653341293335,5.387519836425781,3.8453269004821777,2.7604048252105713
2.077930212020874,3.62705135345459,1.7258436679840088,0.8626013994216919,3.5764408111572266,5.046163558959961,3.8111534118652344,2.0034942626953125
2.0722107887268066,3.2699313163757324,1.4376022815704346,0.9315295219421387,4.109036922454834,4.639095306396484,3.8443474769592285,2.0294923782348633
1.962049961090088,2.9400949478149414,1.5796778202056885,0.6667335033416748,3.5326313972473145,4.952744007110596,3.4056167602539062,2.0495760440826416
2.333432674407959,3.2310500144958496,1.4256973266601562,0.8065760135650635,4.496919631958008,5.168281555175781,3.9466772079467773,2.111135482788086
2.403585910797119,3.3011956214904785,1.357240915298462,0.9404802322387695,4.496976852416992,5.085102558135986,4.0739946365356445,1.7233917713165283
1.8645899295806885,3.339522361755371,1.7819364070892334,0.7841000556945801,3.3202686309814453,4.88784122467041,3.6761746406555176,2.188626527786255
2.110605001449585,3.4648733139038086,1.670891284942627,0.870105504989624,3.7991199493408203,5.1570940017700195,3.7293829917907715,2.197389841079712
1.939687728881836,3.1153464317321777,1.6421232223510742,0.8029954433441162,3.8335423469543457,4.910252571105957,3.744539260864258,2.2537710666656494
2.2145698070526123,3.040501117706299,1.091996669769287,0.6641987562179565,3.8085927963256836,5.171724796295166,3.5069704055786133,1.7493791580200195
1.6953489780426025,2.901350975036621,1.6425423622131348,0.48762762546539307,2.267838716506958,4.427916526794434,3.102797508239746,1.7363409996032715
2.034546136856079,3.0689144134521484,1.6323392391204834,0.7304887771606445,3.5985116958618164,4.862720012664795,3.54229736328125,2.1270523071289062
2.106870412826538,3.525481700897217,1.4972596168518066,0.7952026128768921,3.563164710998535,5.143923282623291,3.7786598205566406,1.636293888092041
1.7610888481140137,3.150686740875244,1.5937302112579346,0.7148984670639038,2.991333484649658,4.968294620513916,3.3810877799987793,1.9811618328094482
2.0755934715270996,3.2344279289245605,1.5682761669158936,0.7905797958374023,4.059218883514404,5.418787956237793,3.8658151626586914,1.9839599132537842
1.9804322719573975,3.244335651397705,1.5235846042633057,0.6884340047836304,3.376335620880127,5.3245697021484375,3.8262529373168945,1.8059322834014893
2.016298770904541,3.046567916870117,1.4222803115844727,0.7318967580795288,3.695648670196533,5.1226677894592285,3.6057686805725098,1.9403681755065918
2.167405366897583,3.153331756591797,1.6654324531555176,0.6656206846237183,3.5691442489624023,5.27816104888916,3.6407222747802734,2.0624051094055176
1.9914956092834473,2.7373437881469727,1.651726245880127,0.6095157861709595,3.6756019592285156,4.7249226570129395,3.7022690773010254,2.003659725189209
2.157968759536743,3.1110143661499023,1.1257359981536865,0.8350398540496826,4.395387172698975,5.183742046356201,4.002209663391113,1.7219703197479248
1.6841564178466797,3.048858165740967,1.478853464126587,0.609470009803772,2.468947172164917,4.7104315757751465,3.1995701789855957,1.6091866493225098
1.5603079795837402,2.7939696311950684,1.3939833641052246,0.43017876148223877,2.1707332134246826,4.56831169128418,2.98285174369812,1.7190730571746826
1.705636978149414,2.6252694129943848,1.3529183864593506,0.44804084300994873,2.9957387447357178,4.814242362976074,3.433961868286133,1.6528363227844238
1.8915345668792725,3.008452892303467,1.410106897354126,0.6755568981170654,3.0866804122924805,5.155754089355469,3.498380184173584,1.9352827072143555
1.8738276958465576,3.3729629516601562,1.5145466327667236,0.8617740869522095,3.5389137268066406,5.5260138511657715,3.9469566345214844,1.6295490264892578
1.572052240371704,2.6953251361846924,1.36869478225708,0.42432916164398193,2.297879219055176,4.526371479034424,2.9730560779571533,1.5847420692443848
1.9847133159637451,3.088059902191162,1.4769294261932373,0.685314416885376,3.3721632957458496,5.511377811431885,3.628420352935791,1.8239552974700928
1.7140817642211914,2.388887882232666,1.3508360385894775,0.4816772937774658,3.3947010040283203,4.853761196136475,3.397559642791748,1.9389464855194092
1.8696863651275635,2.581815719604492,1.1409087181091309,0.720192551612854,4.305145740509033,4.902456760406494,3.915334701538086,1.8858907222747803
1.9583430290222168,2.6175765991210938,1.3419206142425537,0.5127286911010742,3.5257744789123535,5.265552520751953,3.5311031341552734,1.812636137008667
1.947122573852539,3.0457119941711426,1.09737229347229,0.6627819538116455,3.5015273094177246,5.630335330963135,3.475152015686035,1.4482066631317139
1.946359634399414,2.8749020099639893,1.1764426231384277,0.6190851926803589,3.6861672401428223,5.211845874786377,3.7568178176879883,1.516463279724121
1.9300036430358887,2.5839056968688965,1.28623366355896,0.6304498910903931,3.884951114654541,5.332552909851074,3.5613231658935547,1.7402589321136475
2.349493980407715,2.9883909225463867,1.1642274856567383,0.7556467056274414,4.490292072296143,5.931206703186035,3.988675117492676,1.5744457244873047
1.5359585285186768,2.9460058212280273,1.4881970882415771,0.656707763671875,2.272289752960205,4.603326797485352,2.9868664741516113,1.6148197650909424
2.1560492515563965,3.3207130432128906,1.485823631286621,0.8301061391830444,3.7827024459838867,5.781883239746094,3.9780426025390625,1.6529934406280518
2.155752420425415,3.11965274810791,1.661198616027832,0.7060188055038452,3.8381032943725586,5.908967971801758,3.686338424682617,2.017594575881958
2.206158399581909,3.331146717071533,0.9299380779266357,0.9032974243164062,4.297283172607422,5.6202073097229,4.148116111755371,1.3648858070373535
1.8882348537445068,2.441405773162842,1.324979543685913,0.5947535037994385,3.6012654304504395,5.192972183227539,3.520937919616699,1.882577896118164
1.8625209331512451,2.998469591140747,1.253666877746582,0.6628097295761108,2.927816152572632,5.610808372497559,3.311343193054199,1.3413074016571045
1.8780689239501953,2.7243189811706543,1.3952443599700928,0.589256763458252,3.4467077255249023,5.461618900299072,3.5463361740112305,1.7843220233917236
2.1081953048706055,2.9151172637939453,1.1671712398529053,0.6560534238815308,3.6282711029052734,5.619101524353027,3.8924684524536133,1.6397883892059326
2.019364833831787,2.726851463317871,0.9608688354492188,0.8181363344192505,4.283439636230469,5.273718357086182,3.8091936111450195,1.3185124397277832
2.7467610836029053,3.7538552284240723,1.4753053188323975,1.0127174854278564,4.361818313598633,6.532774925231934,4.324337005615234,1.8229141235351562
2.38242769241333,3.3297133445739746,1.1783995628356934,0.8994127511978149,4.547832012176514,6.047235012054443,4.313347339630127,1.6199471950531006
1.7658629417419434,3.1001696586608887,1.3448245525360107,0.7686372995376587,3.196533203125,5.3520355224609375,3.6924571990966797,1.4322466850280762
1.0011875629425049,2.3737642765045166,1.3479764461517334,0.42367708683013916,1.919093370437622,4.252808570861816,2.801908493041992,1.6231012344360352
1.6784045696258545,2.655247449874878,1.381770372390747,0.6203408241271973,3.3271522521972656,5.289017677307129,3.673147201538086,1.9209163188934326
1.2061705589294434,2.300936698913574,1.5232653617858887,0.41892457008361816,1.9019091129302979,4.144432067871094,2.8723511695861816,1.8159866333007812
2.06290602684021,3.403827667236328,1.1439180374145508,0.8151042461395264,3.2683606147766113,5.50461483001709,3.7874560356140137,1.1393530368804932
1.660858392715454,2.552887201309204,1.4329512119293213,0.4125715494155884,2.4939537048339844,5.039888858795166,3.221424102783203,1.6670498847961426
1.8772668838500977,2.889683961868286,1.2786931991577148,0.6788049936294556,3.395540237426758,5.740721702575684,3.7200231552124023,1.3458662033081055
1.9986376762390137,2.908714532852173,1.1538074016571045,0.6948652267456055,3.6656808853149414,5.7625908851623535,3.6914849281311035,1.6563365459442139
1.6559457778930664,2.9031295776367188,1.2359607219696045,0.6377460956573486,2.7978625297546387,5.254030704498291,3.562643527984619,1.4454424381256104
1.690619945526123,2.860222339630127,1.0653679370880127,0.7784099578857422,3.5297060012817383,5.646200656890869,3.6878981590270996,1.2693774700164795
1.7056565284729004,2.8411917686462402,1.2023160457611084,0.6651499271392822,3.1559371948242188,5.280160903930664,3.700019359588623,1.269883155822754
1.77060866355896,3.054072380065918,1.2069242000579834,0.6121072769165039,2.5936782360076904,5.086755275726318,3.754574775695801,1.252335786819458
1.8571977615356445,3.163750171661377,1.2116248607635498,0.9185816049575806,3.2621822357177734,5.576265335083008,3.913763999938965,1.3914661407470703
2.2434024810791016,3.3638672828674316,1.3341329097747803,0.8743801116943359,3.5367236137390137,5.918821334838867,4.05172061920166,1.4165093898773193
2.0473833084106445,3.056774616241455,1.0031812191009521,0.8432049751281738,4.297499179840088,5.366104602813721,4.286608695983887,1.5946135520935059
1.9959206581115723,3.510127544403076,1.3873264789581299,1.0439586639404297,3.8222103118896484,5.758873462677002,4.042277812957764,1.4073755741119385
1.8268282413482666,2.7897589206695557,1.2938406467437744,0.7340627908706665,3.7871618270874023,5.673604488372803,3.991392135620117,1.6134753227233887
1.5376842021942139,2.518428325653076,1.4026086330413818,0.6238921880722046,2.9080750942230225,5.127833366394043,3.5425238609313965,1.7503788471221924
2.0190417766571045,2.8630475997924805,1.0969502925872803,0.7812200784683228,3.8961291313171387,5.500958442687988,4.263314723968506,1.368027687072754
1.813199758529663,3.261383533477783,1.2127711772918701,0.956295371055603,3.383930206298828,5.94037389755249,3.8784523010253906,1.2924363613128662
1.6201741695404053,2.953803777694702,1.0916483402252197,0.6478458642959595,2.195868730545044,5.147899627685547,3.134037494659424,1.0217089653015137
1.7604484558105469,2.802155017852783,1.1555721759796143,0.8663123846054077,3.9186296463012695,5.792436122894287,4.133654594421387,1.5434904098510742
1.9014270305633545,2.749650239944458,1.3395135402679443,0.8125401735305786,3.5159921646118164,5.89579963684082,3.587222099304199,2.0608971118927
1.9215872287750244,2.785996437072754,1.4462904930114746,0.6964900493621826,3.3411478996276855,5.703188896179199,3.593519687652588,1.8272430896759033
1.7676007747650146,2.556004762649536,1.0615057945251465,0.468491792678833,3.0443248748779297,5.587348937988281,3.3181185722351074,1.6167328357696533
1.6493496894836426,2.716834783554077,1.0816152095794678,0.5634123086929321,2.8601608276367188,5.043784141540527,3.6491641998291016,1.2035434246063232
1.5993568897247314,2.6466293334960938,1.156583309173584,0.5797872543334961,3.002674102783203,5.576218605041504,3.639920234680176,1.3128063678741455
1.6408514976501465,2.9121909141540527,1.1663894653320312,0.7266384363174438,3.1010007858276367,5.413961410522461,3.6004161834716797,1.2878131866455078
1.565058708190918,2.55475115776062,1.3518683910369873,0.4758108854293823,2.531453847885132,5.189292907714844,3.118077278137207,1.707195520401001
1.9996984004974365,2.9933242797851562,1.0353446006774902,0.7119042873382568,3.9119873046875,5.601483345031738,4.150609016418457,1.1629750728607178
1.803934097290039,2.531604051589966,1.3543250560760498,0.5423237085342407,3.3777294158935547,5.263620853424072,3.592517375946045,1.61476469039917
2.004049777984619,3.3721418380737305,1.3266804218292236,0.8393453359603882,3.321573257446289,5.912580490112305,3.8914098739624023,1.3531622886657715
2.273076295852661,3.291440963745117,0.7429763078689575,0.8061085939407349,4.216425895690918,5.926036357879639,4.2265095710754395,1.014472246170044
1.720703125,3.1804471015930176,1.062028169631958,0.8782041072845459,3.137126922607422,5.549540042877197,3.762761116027832,1.1220636367797852
1.769256591796875,2.0960893630981445,0.976590633392334,0.6464755535125732,4.056143283843994,5.483840465545654,3.6662869453430176,1.601320743560791
2.0669641494750977,2.7246294021606445,1.0298540592193604,0.7880390882492065,3.8083572387695312,6.117824554443359,3.971867561340332,1.4378273487091064
1.5677897930145264,2.629610061645508,1.1686694622039795,0.6040290594100952,2.785404682159424,5.660501003265381,3.4420619010925293,1.3483483791351318
1.9996883869171143,2.308060884475708,0.4088711738586426,0.6360592842102051,4.561062335968018,4.957916259765625,3.667111396789551,0.9985623359680176
1.67413330078125,2.2936182022094727,1.1180174350738525,0.4106518030166626,3.0525989532470703,5.364051342010498,3.352142810821533,1.6038882732391357
1.3128962516784668,2.46962308883667,1.1899983882904053,0.5999188423156738,2.5033059120178223,4.940311431884766,3.363572597503662,1.2619168758392334
1.2757384777069092,2.4578537940979004,1.2404861450195312,0.618984580039978,2.5703299045562744,4.9513044357299805,3.6025772094726562,1.2460606098175049
1.6737399101257324,2.5263493061065674,1.2467470169067383,0.736466646194458,3.5332894325256348,5.99749755859375,3.888049602508545,1.4884002208709717
1.8963696956634521,2.2344796657562256,0.9805852174758911,0.5330009460449219,3.7909483909606934,5.717185020446777,3.6425251960754395,1.5331196784973145
1.809713363647461,3.0468273162841797,1.0798299312591553,0.7542879581451416,3.0524415969848633,5.655858993530273,3.967514991760254,1.2127435207366943
1.8190617561340332,2.3899543285369873,1.0976412296295166,0.555465579032898,3.501283645629883,5.868637561798096,3.734250545501709,1.4742441177368164
1.387099266052246,2.5560107231140137,0.9418034553527832,0.6814433336257935,2.6453113555908203,5.419339656829834,3.3421521186828613,1.2805743217468262
1.4389166831970215,2.469054937362671,1.363210678100586,0.8299404382705688,3.3846378326416016,5.694303035736084,3.3535566329956055,1.4924826622009277
1.8590986728668213,2.600989580154419,1.2694454193115234,0.8578442335128784,3.827080726623535,5.753963470458984,3.897397041320801,1.8566017150878906
1.2261579036712646,2.084740161895752,1.4040498733520508,0.45709121227264404,2.1261751651763916,4.933874607086182,2.987575054168701,1.7416245937347412
1.53171968460083,2.2944231033325195,0.9952224493026733,0.4498683214187622,2.9004006385803223,5.339174747467041,3.7206411361694336,1.2293193340301514
1.4286527633666992,2.1591413021087646,0.9475572109222412,0.4176316261291504,2.773080348968506,5.360167980194092,3.266767978668213,1.259124755859375
1.603611946105957,2.608790397644043,1.1849627494812012,0.6738146543502808,3.2268786430358887,5.676548480987549,3.7764182090759277,1.64459228515625
1.6826276779174805,2.7311899662017822,0.976883053779602,0.704137921333313,3.234334945678711,5.8205485343933105,3.9403133392333984,1.0349347591400146
1.6999883651733398,2.286661386489868,0.9809119701385498,0.35114777088165283,2.6665849685668945,5.224940776824951,3.405050277709961,1.2758636474609375
1.5401301383972168,2.2142343521118164,1.0941944122314453,0.4226667881011963,2.9189181327819824,4.9200944900512695,3.8233580589294434,1.3953335285186768
1.1899538040161133,2.5063326358795166,1.2381482124328613,0.7034053802490234,2.5200703144073486,4.653751373291016,3.536003589630127,1.3649358749389648
1.722724437713623,2.7219016551971436,1.334097146987915,0.6966675519943237,3.050967216491699,5.921380519866943,3.6169891357421875,1.5311083793640137
1.7131023406982422,3.1192030906677246,0.9935140609741211,0.7858536243438721,3.146541118621826,5.9441022872924805,3.7022013664245605,1.093146800994873
1.748615026473999,2.6125199794769287,0.9559029340744019,0.5535889863967896,2.963740348815918,5.668015003204346,3.70489501953125,1.3394191265106201
1.8603198528289795,2.572871208190918,0.7520956993103027,0.7636724710464478,4.2383952140808105,5.734461784362793,3.966904640197754,1.1249032020568848
1.5109307765960693,2.459582805633545,1.130145788192749,0.6289025545120239,3.077967643737793,5.508232116699219,3.7749834060668945,1.447373628616333
1.7813940048217773,2.1104021072387695,1.0992109775543213,0.5634664297103882,3.8209891319274902,5.164682388305664,4.026233673095703,1.5214424133300781
1.9252824783325195,2.976428508758545,0.9108325242996216,0.7838023900985718,3.4479598999023438,5.855112552642822,3.9195661544799805,1.1394014358520508
1.4814860820770264,2.5351059436798096,1.114269733428955,0.5691174268722534,2.6733269691467285,4.929027080535889,3.7466225624084473,1.4206867218017578
1.746004581451416,3.308537006378174,1.2564291954040527,1.229466438293457,3.9559106826782227,5.964275360107422,4.113766670227051,1.406592607498169
1.3317525386810303,2.3482837677001953,1.2040722370147705,0.660454273223877,2.7007088661193848,5.225824356079102,3.719183921813965,1.5260159969329834
1.4431390762329102,2.3501546382904053,1.278944969177246,0.7059555053710938,2.885302782058716,5.3010711669921875,3.8598790168762207,1.6016278266906738
1.4309277534484863,2.488215684890747,1.1938905715942383,0.6211591958999634,2.5935213565826416,5.768693447113037,3.051980495452881,1.4128916263580322
1.340367317199707,2.7597737312316895,0.9651390314102173,0.8934534788131714,3.0436606407165527,6.079225540161133,3.6559958457946777,1.1543338298797607
1.5177009105682373,2.6092872619628906,1.047530174255371,0.7109929323196411,3.0720648765563965,5.613533020019531,3.824237823486328,1.1743535995483398
1.7086267471313477,2.4377708435058594,1.0258097648620605,0.4783761501312256,2.8409299850463867,5.492021560668945,3.79660701751709,1.3081915378570557
1.748236894607544,2.6633150577545166,0.9401075839996338,0.6895028352737427,3.584564208984375,5.693798542022705,4.201805591583252,1.058535099029541
1.949749231338501,2.784601926803589,0.9906078577041626,0.7328742742538452,3.520439624786377,5.74551248550415,4.001175880432129,1.2780766487121582
1.4441092014312744,2.5591530799865723,1.0060365200042725,0.8180938959121704,2.9311585426330566,5.73543119430542,3.5198941230773926,1.302137851715088
1.82108736038208,2.8950533866882324,1.2358508110046387,0.9048416614532471,3.3128905296325684,6.020565986633301,3.898414134979248,1.6367158889770508
1.3299510478973389,2.065307140350342,1.1295368671417236,0.5725653171539307,2.7844715118408203,5.155895709991455,3.5805158615112305,1.5954113006591797
1.5215704441070557,2.5620217323303223,1.121903657913208,0.804404616355896,3.2729949951171875,5.362177848815918,4.284380912780762,1.4096407890319824
1.6138575077056885,2.586966037750244,1.2190916538238525,0.7429335117340088,2.939356803894043,5.463155746459961,3.844289779663086,1.2969272136688232
1.5406672954559326,2.630747079849243,1.0896291732788086,0.7089520692825317,2.825350761413574,5.575704574584961,3.662938117980957,1.2476119995117188
1.745969295501709,3.0465168952941895,0.8614764213562012,0.8740297555923462,3.460268974304199,5.8604536056518555,4.215339660644531,1.0404369831085205
1.5738582611083984,2.748380661010742,1.1996958255767822,1.0216248035430908,3.788179874420166,5.690114974975586,4.094342231750488,1.4224603176116943
1.926347255706787,3.180880546569824,1.3318614959716797,0.9704862833023071,3.6832785606384277,6.163740634918213,4.175542831420898,1.2632722854614258
1.7794601917266846,2.980353355407715,1.0738530158996582,0.7394486665725708,3.198550224304199,5.897529602050781,3.7849106788635254,1.1545250415802002
1.6158690452575684,2.4423372745513916,1.0408353805541992,0.5279742479324341,3.281132221221924,5.1837334632873535,4.158236503601074,1.4552388191223145
1.662419319152832,2.736677885055542,1.2325575351715088,0.7024019956588745,2.8561596870422363,5.216348171234131,3.7964677810668945,1.477334976196289
1.143603801727295,2.4469268321990967,1.2688679695129395,0.6555951833724976,2.4001975059509277,4.8109612464904785,3.2384557723999023,1.504157304763794
1.3361012935638428,2.4385147094726562,1.0185539722442627,0.8155825138092041,3.578828811645508,5.395885944366455,3.931471824645996,1.4573466777801514
1.6626834869384766,3.189527988433838,0.9282307624816895,1.0495662689208984,3.3519067764282227,5.925726890563965,4.294188499450684,1.017052173614502
1.9085180759429932,2.208865165710449,1.121830701828003,0.6640769243240356,4.0009379386901855,5.699113368988037,3.9070372581481934,1.6268069744110107
1.3322033882141113,2.172394037246704,0.8835021257400513,0.3749680519104004,2.276965618133545,5.169642448425293,3.667196273803711,1.0880134105682373
1.5406930446624756,2.4142653942108154,0.7050759792327881,0.5568544864654541,3.1894631385803223,5.484475135803223,3.9028682708740234,1.1282918453216553
1.5801951885223389,2.5695106983184814,0.9598912000656128,0.7709794044494629,3.4619946479797363,5.501523494720459,4.241250038146973,1.2163684368133545
1.2620344161987305,1.9264345169067383,0.9850238561630249,0.4282623529434204,2.432171106338501,5.16121244430542,3.567664623260498,1.3276302814483643
1.6590204238891602,2.6838324069976807,1.1999931335449219,0.8619087934494019,3.393892765045166,5.581854820251465,4.264467239379883,1.455087661743164
1.6761116981506348,2.692922592163086,1.3060755729675293,0.751908540725708,3.0407986640930176,5.802917003631592,3.967132091522217,1.1891429424285889
2.033715009689331,2.7418415546417236,1.1070313453674316,0.756301760673523,4.040659427642822,5.95832633972168,4.3531413078308105,1.2749042510986328
1.1756231784820557,2.661062240600586,1.0222179889678955,0.6946878433227539,2.376133441925049,5.158738613128662,3.8150057792663574,0.905376672744751
1.4146535396575928,2.135727643966675,1.061532974243164,0.6662584543228149,3.1789255142211914,5.194006443023682,3.984220027923584,1.3952281475067139
1.389695644378662,2.6974589824676514,0.7956165075302124,0.8969689607620239,3.1318302154541016,5.573477745056152,4.126016616821289,0.9103976488113403
1.5374727249145508,2.709972381591797,1.4006812572479248,1.109452724456787,3.7457666397094727,5.896885395050049,4.059567451477051,1.7323710918426514
1.0976014137268066,2.510340929031372,1.1372148990631104,0.5380569696426392,1.6996312141418457,4.7714362144470215,3.3872132301330566,0.7586243152618408
1.591562271118164,2.7952520847320557,0.9653940200805664,0.8311172723770142,3.0066113471984863,5.244536399841309,4.414984226226807,1.288477897644043
1.200047254562378,2.592620849609375,0.8685635328292847,0.6770000457763672,2.277250289916992,5.167477607727051,3.8446669578552246,0.6505827903747559
1.5882062911987305,2.6839160919189453,1.1452155113220215,0.7605608701705933,2.6507725715637207,5.310753345489502,4.094997406005859,1.3934922218322754
1.6215384006500244,2.6466383934020996,1.285865068435669,0.7324450016021729,2.830268144607544,5.33785343170166,4.155584335327148,1.5729961395263672
1.1582636833190918,2.636868953704834,0.9560705423355103,0.6686718463897705,1.9926495552062988,5.12152624130249,3.4644222259521484,0.9220826625823975
1.6091206073760986,2.668745279312134,0.8651285171508789,0.5798492431640625,2.774624824523926,5.1118597984313965,4.232527256011963,0.977353572845459
1.4100356101989746,2.6469459533691406,0.8456391096115112,0.8168280124664307,3.170876979827881,5.241122245788574,3.941287040710449,1.1555092334747314
1.133453130722046,2.4989516735076904,0.8834422826766968,0.7067904472351074,2.722947835922241,5.030411720275879,4.126043319702148,1.033839464187622
1.1588194370269775,2.5275533199310303,1.005300760269165,0.6904618740081787,2.360248327255249,4.711014270782471,4.132899284362793,0.8050411939620972
1.4338855743408203,2.8179526329040527,0.970258355140686,0.7177820205688477,2.9114911556243896,5.044496059417725,4.3189697265625,0.6538920402526855
1.278597354888916,2.633652925491333,1.077500343322754,0.8757991790771484,3.073929786682129,5.411412239074707,4.1195502281188965,1.2429749965667725
1.005138874053955,2.5954933166503906,0.9733524322509766,0.7722270488739014,2.0938503742218018,5.218046188354492,3.5693211555480957,0.6415085792541504
1.6320149898529053,2.753037929534912,1.1367383003234863,0.9291778802871704,3.818971633911133,5.836843967437744,3.9945530891418457,1.5290567874908447
1.3344042301177979,2.687347412109375,0.9035218954086304,0.738831639289856,2.9409584999084473,4.65173864364624,4.456912994384766,0.6534535884857178
0.9931565523147583,2.2523553371429443,0.885284423828125,0.62614905834198,2.2218430042266846,5.134486198425293,3.7562308311462402,0.9638512134552002
1.2088522911071777,2.8358492851257324,0.6936843395233154,0.7999887466430664,2.7599804401397705,5.301151275634766,4.001034736633301,0.6367189884185791
2.1349666118621826,2.65027117729187,0.9902089834213257,1.0974030494689941,4.769381999969482,6.5168867111206055,3.5815892219543457,1.7807683944702148
2.114104747772217,3.174708843231201,1.3057613372802734,1.0692975521087646,3.7045578956604004,6.497391223907471,4.598046779632568,1.2067902088165283
1.1471781730651855,1.927816390991211,1.202401876449585,0.767586350440979,2.963527202606201,4.9076056480407715,3.809879779815674,1.7315673828125
1.262547492980957,2.7894716262817383,1.0998704433441162,0.9719340801239014,3.084164619445801,5.517114639282227,4.237585067749023,0.9816997051239014
1.6650104522705078,3.0411376953125,1.1598939895629883,0.8018792867660522,2.97934889793396,5.599514961242676,4.243227958679199,1.0866239070892334
1.4649248123168945,2.632874011993408,1.3336853981018066,0.854076623916626,2.9523823261260986,5.594388008117676,3.5928244590759277,1.6147434711456299
1.4281160831451416,2.4673473834991455,0.5796833038330078,0.7783178091049194,3.73366641998291,5.001216888427734,4.194074630737305,0.9172669649124146
1.316375494003296,2.547177314758301,0.9187980890274048,0.6991716623306274,2.7458741664886475,5.025544166564941,4.234681606292725,0.987906813621521
1.1354358196258545,2.3422255516052246,0.8729749917984009,0.605060338973999,2.251934289932251,4.73143196105957,4.063136100769043,1.0858542919158936
0.8443399667739868,2.041651487350464,1.0793745517730713,0.4881781339645386,1.4213364124298096,4.029776096343994,3.382946014404297,1.1662237644195557
0.9992861747741699,2.712540626525879,0.943360447883606,0.8745709657669067,2.1757824420928955,4.628665924072266,3.685962200164795,1.1731858253479004
1.1943154335021973,2.6993567943573,0.9427293539047241,0.7606915235519409,2.795870304107666,5.2071990966796875,4.011743068695068,0.8723762035369873
1.8607940673828125,2.6262290477752686,0.7252256870269775,0.6773464679718018,3.7363505363464355,5.43838357925415,4.600080966949463,0.948829174041748
1.159897804260254,2.789595603942871,1.1050927639007568,0.7847720384597778,2.368239402770996,4.731231212615967,3.9167819023132324,0.6693745851516724
1.2435529232025146,2.801445722579956,1.1879069805145264,0.8529989719390869,2.730076789855957,5.096534252166748,3.9368948936462402,0.8567302227020264
1.3934557437896729,2.8456883430480957,0.9539779424667358,0.9372936487197876,3.156930446624756,5.377326011657715,4.422134876251221,1.006854772567749
1.0506460666656494,2.356471061706543,0.956098198890686,0.6702091693878174,2.1938412189483643,4.810300827026367,3.823636054992676,1.1682024002075195
0.7789433002471924,2.2274413108825684,1.2099883556365967,0.8208500146865845,2.525815963745117,4.278672218322754,3.719087600708008,1.4579968452453613
1.07493257522583,2.4959609508514404,0.8852179050445557,0.8680346012115479,2.7411868572235107,5.053543567657471,4.280188083648682,1.0823872089385986
1.220827579498291,2.660393476486206,0.9198305606842041,0.9216344356536865,2.6753089427948,5.3103108406066895,3.9710044860839844,0.714984655380249
1.227752685546875,2.950413465499878,1.2352848052978516,1.1823554039001465,2.9882559776306152,5.292125701904297,4.38259220123291,0.8876317739486694
1.0624566078186035,2.585869312286377,0.8964337110519409,0.8004306554794312,2.3063242435455322,4.77928352355957,3.8377017974853516,0.9620060920715332
1.1808059215545654,2.619236469268799,1.3619706630706787,1.093846321105957,2.545130968093872,5.1431427001953125,4.091793060302734,1.360191822052002
1.4934735298156738,3.238833427429199,1.3249940872192383,1.1241252422332764,2.8072121143341064,5.64640474319458,4.0512309074401855,0.9687397480010986
1.5010621547698975,2.804637908935547,0.9684261083602905,0.9133418798446655,3.074178695678711,5.561147689819336,4.249804973602295,1.2861394882202148
0.7121448516845703,2.261183023452759,0.8433926105499268,0.6567527055740356,1.6950206756591797,4.485229969024658,3.6655659675598145,0.7002931833267212
1.9200353622436523,2.7366225719451904,1.101083517074585,0.75960373878479,3.739274501800537,5.428125858306885,4.385622501373291,1.8996949195861816
1.749812364578247,2.7559921741485596,0.8256968259811401,0.9667835235595703,3.780479907989502,5.696253776550293,4.76550817489624,1.0643551349639893
0.9591020345687866,2.6237919330596924,0.9689819812774658,0.7635338306427002,2.4170992374420166,4.9252777099609375,3.7441883087158203,0.6000885963439941
0.6906740665435791,2.542752981185913,0.851348876953125,0.8887747526168823,2.078883171081543,4.53564977645874,3.7224254608154297,0.8807345628738403
1.2638535499572754,2.780578374862671,0.6459023952484131,0.7855477333068848,3.198115825653076,4.73099946975708,4.38861083984375,0.9372986555099487
1.167367935180664,2.578387975692749,0.9984445571899414,0.8045939207077026,2.7520358562469482,4.529639720916748,4.208640098571777,1.0237212181091309
0.904586672782898,2.587684392929077,1.0945653915405273,0.9991638660430908,2.55721116065979,4.665612697601318,4.1863484382629395,0.8901407718658447
1.5065538883209229,2.8971152305603027,1.121741533279419,0.9375036954879761,2.9154443740844727,5.81740140914917,4.02433443069458,1.2106823921203613
1.0819454193115234,2.9648027420043945,1.045520544052124,1.1494839191436768,2.8237781524658203,5.54812479019165,4.065040588378906,0.8314535617828369
1.6656346321105957,3.005033493041992,1.4842779636383057,1.171004295349121,3.477649211883545,5.849239349365234,3.6738505363464355,1.4186806678771973
1.6462550163269043,3.0779314041137695,0.9836694002151489,1.0877041816711426,3.7516703605651855,5.55099630355835,4.649165630340576,1.1325700283050537
1.5148003101348877,2.9385852813720703,0.8903685808181763,1.1067829132080078,3.726245880126953,5.614131927490234,4.551412582397461,1.0191283226013184
1.1971156597137451,2.3689489364624023,0.9441897869110107,0.5387078523635864,2.3547511100769043,4.521186828613281,3.9950790405273438,1.093559980392456
1.3470301628112793,2.623278856277466,0.8356728553771973,0.7376290559768677,2.627943515777588,4.69285249710083,4.290132522583008,0.9674209356307983
0.7820531129837036,2.316542625427246,1.0279991626739502,0.5357722043991089,1.20149564743042,4.159651756286621,3.2269673347473145,0.7168881893157959
1.3728315830230713,2.80779767036438,1.044327974319458,0.9781529903411865,3.1251988410949707,4.8296003341674805,4.500375270843506,1.0932378768920898
1.6081228256225586,2.927926540374756,1.1389009952545166,1.060208797454834,3.842074394226074,4.886023044586182,4.6211652755737305,1.2761893272399902
0.8467155694961548,2.606299877166748,1.0411646366119385,0.8891793489456177,1.9539766311645508,4.575161933898926,3.8336429595947266,0.6463682651519775
1.0309162139892578,3.065412998199463,1.2100799083709717,1.3364241123199463,3.411799430847168,5.1616010665893555,4.120413303375244,0.8281072378158569
1.257826328277588,2.7255260944366455,1.1171748638153076,0.9073024988174438,3.113935947418213,5.191127300262451,4.095583438873291,1.018467664718628
1.015347957611084,2.624396324157715,0.520766019821167,0.7775099277496338,2.7306032180786133,4.642880439758301,4.1903533935546875,0.42924320697784424
1.2440922260284424,2.867827892303467,1.1215379238128662,1.1027789115905762,3.3278656005859375,5.419599533081055,4.277416229248047,0.8316082954406738
1.1116442680358887,2.822838068008423,0.9652183055877686,0.7926316261291504,2.472615957260132,4.5046610832214355,4.1981964111328125,1.0605876445770264
1.9443917274475098,2.6972286701202393,0.9960330724716187,0.9191510677337646,4.185009479522705,5.6869893074035645,4.58814001083374,1.282317876815796
1.6683719158172607,2.892427444458008,1.273404598236084,1.190873146057129,3.594764232635498,6.1299238204956055,4.114928245544434,1.3937757015228271
1.7441048622131348,3.4637255668640137,1.1627686023712158,1.4361271858215332,4.161752700805664,6.168090343475342,4.854365825653076,1.1039512157440186
1.4433767795562744,3.241779327392578,1.3418877124786377,1.4678316116333008,3.581697463989258,5.666283130645752,4.67451810836792,1.279256820678711
1.5010826587677002,3.0278849601745605,1.1070189476013184,1.0361340045928955,3.2261500358581543,5.5608744621276855,4.3100433349609375,0.8726983070373535
1.3970646858215332,2.846256971359253,1.1548404693603516,0.8250112533569336,2.6669275760650635,4.885207653045654,4.5974249839782715,0.8733792304992676
1.941504716873169,3.4588112831115723,1.7211029529571533,1.4108693599700928,4.064284324645996,5.751977443695068,4.172223091125488,1.607691764831543
1.4848949909210205,3.1050949096679688,1.3273375034332275,1.2646112442016602,3.1940908432006836,5.669623851776123,4.246127605438232,1.6422779560089111
0.9780247211456299,2.405846118927002,1.0133631229400635,0.8163447380065918,2.3806943893432617,4.825607776641846,4.2077250480651855,0.6769332885742188
1.1757409572601318,2.7530508041381836,1.1090493202209473,1.2376110553741455,3.1360836029052734,5.748226165771484,4.274291038513184,0.8248381614685059
1.134639024734497,2.2990522384643555,0.8178261518478394,0.8689576387405396,3.0483741760253906,4.845385551452637,4.694922924041748,1.045250654220581
1.3425073623657227,2.3605384826660156,0.6888684034347534,0.8603496551513672,3.707395076751709,4.843151569366455,4.5860185623168945,1.0420947074890137
1.0276834964752197,2.8477916717529297,1.046966791152954,0.8873602151870728,2.047809362411499,4.848601818084717,3.7679877281188965,0.8127902746200562
1.174159049987793,2.599008083343506,1.1929690837860107,1.0400450229644775,3.0840330123901367,4.937632083892822,4.479991436004639,1.2102172374725342
1.6266684532165527,2.9429447650909424,1.0587131977081299,1.0591058731079102,3.6567816734313965,5.968657493591309,4.478011131286621,1.3150687217712402
0.8021750450134277,2.3499488830566406,0.9312803745269775,0.8397220373153687,2.156677484512329,4.846943378448486,3.83203125,0.9023071527481079
0.8308098316192627,2.187749147415161,0.9526882171630859,0.6828386783599854,1.9506826400756836,4.649169445037842,3.748218059539795,1.070338487625122
0.9775086641311646,2.96164870262146,0.8365055322647095,1.140688180923462,2.7372844219207764,4.84794807434082,4.244750022888184,0.5842185020446777
1.697923183441162,3.0573601722717285,0.46012139320373535,0.7865344285964966,3.2876710891723633,5.069159984588623,4.4581298828125,0.41703832149505615
1.7099852561950684,2.7125587463378906,1.108504295349121,0.9481498003005981,3.5069727897644043,5.772608280181885,4.346628189086914,1.4348814487457275
1.16340970993042,2.750971555709839,0.8725831508636475,0.9612789154052734,2.8964030742645264,4.857673168182373,4.36961555480957,1.0902774333953857
1.1550607681274414,2.532175302505493,0.9953227043151855,1.120302438735962,2.929011583328247,5.305741786956787,4.514932632446289,1.0044491291046143
1.4977221488952637,3.036163806915283,1.2125484943389893,1.3444678783416748,3.596168041229248,5.742576599121094,4.525177478790283,1.2924726009368896
1.2785048484802246,2.8708701133728027,0.932356595993042,0.9813356399536133,2.448287010192871,5.358623027801514,4.083897113800049,0.8156189918518066
1.3816978931427002,2.235208749771118,0.9222599267959595,0.9019135236740112,3.227555751800537,5.1761627197265625,4.542510986328125,1.574387788772583
1.1062614917755127,2.394472122192383,0.9625148773193359,1.0776317119598389,2.883256435394287,4.901343822479248,4.652737140655518,0.9722219705581665
1.0629656314849854,2.7166810035705566,0.9061981439590454,1.3192009925842285,3.0213375091552734,5.455308437347412,4.448981761932373,0.6061911582946777
1.0582211017608643,2.7505810260772705,1.0371224880218506,1.265348196029663,2.790151834487915,5.267909526824951,4.197536945343018,0.9871994256973267
0.9336012601852417,2.4297943115234375,0.6373864412307739,0.8098716735839844,2.254220962524414,5.314141750335693,3.9074854850769043,0.6870620250701904
1.8053083419799805,2.7913818359375,0.947515606880188,0.9829630851745605,3.455296039581299,5.730371475219727,4.756570339202881,1.1153619289398193
1.3810412883758545,3.090634346008301,1.1392500400543213,1.1052145957946777,2.7169699668884277,5.096693992614746,4.486966609954834,0.801517128944397
1.5681757926940918,2.8217382431030273,1.3964650630950928,1.337846040725708,3.7053604125976562,6.04987907409668,4.488491535186768,1.5197291374206543
1.2888479232788086,2.928356647491455,1.2337753772735596,1.280665636062622,3.252279758453369,5.146504878997803,4.610290050506592,1.2347970008850098
1.2735168933868408,2.429518699645996,1.1446611881256104,0.9792011976242065,3.101090431213379,4.807324409484863,4.093867301940918,1.549285650253296
1.3915064334869385,2.8004403114318848,1.0289552211761475,1.2229442596435547,3.6060361862182617,5.225574970245361,5.183071613311768,0.960737943649292
1.4109599590301514,2.58396315574646,0.7936972379684448,0.9945758581161499,3.551218032836914,5.323524475097656,4.751332759857178,1.0085158348083496
1.0200467109680176,2.513822317123413,1.052872657775879,1.0301618576049805,2.791538953781128,4.979170799255371,4.520228385925293,0.6182847023010254
1.0997729301452637,2.432356357574463,0.871932864189148,0.8779364824295044,2.4976308345794678,4.776242733001709,4.558854579925537,0.8460559844970703
1.6493496894836426,3.1742801666259766,1.2591583728790283,1.5089833736419678,3.777169704437256,5.657037734985352,4.77574348449707,1.051203727722168
2.018273115158081,2.6083030700683594,1.2331619262695312,0.9555937051773071,3.3234734535217285,5.338686943054199,4.68123722076416,1.7986321449279785
0.9575644731521606,2.5937373638153076,0.9097267389297485,1.0230507850646973,2.6649060249328613,4.432786464691162,4.68180513381958,0.9528820514678955
0.6777766942977905,2.643486738204956,0.6709192991256714,1.192751407623291,2.637662649154663,4.285947322845459,4.312300205230713,0.6190595626831055
1.2867276668548584,3.133899688720703,0.592843770980835,1.3478186130523682,3.9566521644592285,5.143794059753418,4.440925121307373,0.814626932144165
1.3718757629394531,2.7114133834838867,0.996529221534729,1.0328023433685303,3.146301746368408,4.994451999664307,4.388286113739014,1.3370802402496338
1.0222117900848389,2.650235176086426,0.812579870223999,1.0298147201538086,2.789607286453247,4.927690029144287,4.192844867706299,0.8275505304336548
1.3899815082550049,2.572500228881836,0.5951467752456665,0.8373275995254517,2.9170284271240234,4.809008598327637,4.727060317993164,0.6460180282592773
0.9866445064544678,2.51792311668396,0.8926538228988647,1.0535430908203125,2.68910813331604,4.533389091491699,4.744871139526367,0.9071049690246582
0.6580952405929565,2.648874521255493,1.0250637531280518,1.0758235454559326,1.7690486907958984,4.196240425109863,4.009236812591553,0.5038262605667114
2.007683277130127,3.3294262886047363,0.8996576070785522,1.165745496749878,3.9406075477600098,5.121229648590088,5.221113204956055,1.1816704273223877
1.3158881664276123,2.8066790103912354,0.7821056842803955,1.1401777267456055,3.0313382148742676,5.680565357208252,4.333208084106445,0.907272219657898
1.1713707447052002,2.536313533782959,0.7432965040206909,0.9221630096435547,2.99526047706604,4.359959602355957,4.815124034881592,0.942778468132019
1.240842342376709,2.3716647624969482,1.139702558517456,0.8009995222091675,2.492332696914673,4.911203384399414,4.131340026855469,1.2590293884277344
1.5836946964263916,3.032947540283203,0.9692445993423462,1.2705140113830566,3.833498954772949,4.888294219970703,5.250010013580322,1.0169801712036133
1.041630744934082,2.8428828716278076,1.0919086933135986,1.126889705657959,2.2853126525878906,4.793935298919678,4.477497100830078,0.30399346351623535
0.9677588939666748,3.334256172180176,0.9806640148162842,1.702148199081421,3.3838448524475098,5.255192279815674,3.917503833770752,0.5332621335983276
1.5844402313232422,3.0035104751586914,0.7400574684143066,0.9092272520065308,3.417588710784912,4.686367034912109,4.768967151641846,0.7895768880844116
0.8572003841400146,2.520890474319458,1.0572428703308105,0.6488124132156372,1.0692484378814697,4.088291645050049,3.3481802940368652,0.49117112159729004
1.6381275653839111,2.9101223945617676,1.172942876815796,1.424156665802002,4.014384746551514,4.745372295379639,5.418602466583252,1.4731755256652832
1.5923426151275635,3.3486294746398926,1.4520390033721924,1.5921828746795654,3.293156147003174,5.1451520919799805,4.996860980987549,1.0645012855529785
1.2712721824645996,3.0857162475585938,0.9789470434188843,1.0581567287445068,2.5990357398986816,4.827962875366211,4.683263778686523,0.6288187503814697
2.4587950706481934,3.802396774291992,1.4827656745910645,1.7873282432556152,5.109994888305664,6.101315975189209,5.441929817199707,1.3546152114868164
1.0204071998596191,2.7673139572143555,1.0626564025878906,1.0895285606384277,2.205383777618408,4.441662788391113,4.274256706237793,0.4140307903289795
0.9497054815292358,2.240171194076538,0.9193923473358154,1.0942444801330566,3.0749411582946777,4.211181163787842,4.660642147064209,0.9358159303665161
1.1639468669891357,2.5007307529449463,0.9036189317703247,1.289257526397705,3.31062650680542,4.607522487640381,5.131487846374512,0.7672810554504395
1.7721490859985352,3.2943954467773438,1.0671637058258057,1.4484474658966064,3.5838980674743652,5.321968078613281,5.190055847167969,0.9180952310562134
1.4623394012451172,2.5480704307556152,0.7005348205566406,0.9598197937011719,3.4878106117248535,4.211905002593994,4.946269512176514,0.6733108758926392
1.6487696170806885,2.8021745681762695,1.1931917667388916,1.4477460384368896,4.088305473327637,5.262197017669678,4.8148369789123535,1.4538984298706055
1.199453592300415,3.0583181381225586,1.1442523002624512,1.379683017730713,2.997572422027588,4.510983467102051,4.737349987030029,1.106172800064087
1.6512329578399658,2.869720935821533,1.4349746704101562,1.1488256454467773,2.9990789890289307,4.725605010986328,4.832768440246582,0.9446052312850952
1.2459566593170166,2.706766128540039,1.103407621383667,1.449598789215088,3.042860507965088,5.057310104370117,4.860361576080322,0.8480308055877686
1.9368958473205566,3.1335597038269043,1.3528084754943848,1.3560874462127686,3.465576648712158,5.055438041687012,5.296810150146484,1.3469457626342773
1.4004077911376953,2.574697494506836,0.928194522857666,0.9590964317321777,2.5227718353271484,4.585036754608154,4.55048942565918,0.9264438152313232
1.261209487915039,2.7092084884643555,0.9755017757415771,1.107572317123413,2.501408338546753,4.856959819793701,4.5205888748168945,0.9894356727600098
1.7706375122070312,2.9485244750976562,0.7122000455856323,1.2011783123016357,2.823251247406006,5.268415927886963,4.856793403625488,0.4394557476043701
1.5212864875793457,3.2297425270080566,1.1914763450622559,1.6358802318572998,3.528949737548828,5.268031120300293,5.087934494018555,0.843370795249939
0.8059334754943848,2.185708999633789,1.0942163467407227,1.1925427913665771,2.585301399230957,4.344266414642334,4.6416754722595215,1.0425937175750732
1.8991124629974365,3.7018074989318848,1.4066927433013916,1.9063665866851807,4.083125591278076,4.842671871185303,6.189517974853516,0.7392526865005493
1.148789644241333,2.8133621215820312,1.282655954360962,1.1702914237976074,2.104531764984131,4.096286773681641,4.469297885894775,0.7886205911636353
1.4766230583190918,3.1343002319335938,1.3460729122161865,1.509960412979126,2.9894907474517822,5.203244209289551,4.90035343170166,0.9255883693695068
1.1319751739501953,3.001516819000244,1.1398611068725586,1.4275538921356201,2.835688829421997,4.179858207702637,4.916938304901123,0.7802228927612305
2.260584592819214,3.815547466278076,1.4713122844696045,2.0466015338897705,5.01678466796875,5.862836837768555,5.484076976776123,1.0711827278137207
2.015406370162964,3.587772846221924,1.3224081993103027,2.0295217037200928,4.327157020568848,6.092909336090088,3.96498441696167,1.2380707263946533
1.2376396656036377,2.694369077682495,1.1755645275115967,1.1497280597686768,2.4353909492492676,4.622833251953125,4.600543022155762,1.0195538997650146
1.3714697360992432,2.9977705478668213,1.3674604892730713,1.6055786609649658,2.845362901687622,4.574592113494873,5.274106979370117,0.4828528165817261
1.3478186130523682,1.9311602115631104,0.8372412919998169,1.0932447910308838,3.2468738555908203,4.6235246658325195,5.058470249176025,1.4018292427062988
1.8108043670654297,2.02915096282959,0.858025074005127,1.0290148258209229,4.063956260681152,4.935187816619873,5.011960506439209,1.1573715209960938
1.8259072303771973,3.5717387199401855,1.3311727046966553,1.4985053539276123,3.5994625091552734,5.332864284515381,4.532425880432129,1.0166661739349365
1.2016422748565674,2.902635097503662,1.1082851886749268,1.1181681156158447,2.2343428134918213,4.6323747634887695,4.382874965667725,0.5619841814041138
1.655630111694336,3.057220935821533,0.9694299697875977,1.8028819561004639,4.1406145095825195,5.808481693267822,4.984520435333252,0.9749277830123901
1.8573520183563232,3.5157933235168457,1.3461227416992188,2.180649757385254,3.866335868835449,6.076842784881592,4.871179103851318,0.862284779548645
1.469261884689331,2.6149044036865234,0.8962811231613159,1.6290652751922607,3.5038747787475586,4.406262397766113,5.806839466094971,0.6826386451721191
1.3958954811096191,2.3582730293273926,1.0905966758728027,1.2231690883636475,2.6792407035827637,5.161293029785156,4.683911323547363,1.0545775890350342
1.1287734508514404,2.696284055709839,1.181117296218872,1.2453367710113525,2.2111306190490723,4.931674957275391,3.9429502487182617,0.8872553110122681
1.7359728813171387,3.264347553253174,1.2252814769744873,1.856895923614502,3.706721782684326,5.345256328582764,5.333405017852783,1.0903186798095703
1.917856216430664,3.08254337310791,1.0553536415100098,1.7623062133789062,4.429107189178467,5.409674167633057,5.0320258140563965,1.6198451519012451
1.3621156215667725,2.7826335430145264,1.1842260360717773,1.4328064918518066,2.499023199081421,5.119011878967285,4.426132678985596,0.9839273691177368
1.119262933731079,2.6246910095214844,1.1319866180419922,1.5385825634002686,3.077446937561035,4.756381511688232,4.553546905517578,1.1591176986694336
1.3284759521484375,2.57543683052063,0.8145716190338135,1.3399567604064941,3.1391067504882812,4.392096042633057,5.505556106567383,0.7044740915298462
0.8722755908966064,2.3596179485321045,0.6274551153182983,0.9015368223190308,2.329113483428955,3.4306726455688477,4.562851428985596,0.27422237396240234
1.7830660343170166,2.7055563926696777,1.0168852806091309,1.0861468315124512,2.8639233112335205,4.319582939147949,5.054942607879639,0.8334378004074097
2.5183422565460205,4.219488620758057,1.2495510578155518,2.283273696899414,4.951969623565674,6.033431053161621,5.649899005889893,0.8236196041107178
1.5417132377624512,2.6157479286193848,1.1612584590911865,1.3726332187652588,3.456660747528076,4.514161586761475,5.146125316619873,1.2847239971160889
1.2322344779968262,2.791532516479492,0.9889826774597168,1.1112053394317627,2.1891653537750244,4.13912296295166,4.6764116287231445,0.5133953094482422
1.1517977714538574,2.880617380142212,0.895479679107666,1.3925540447235107,2.5730278491973877,4.235625743865967,4.615219593048096,0.5856304168701172
1.8597567081451416,3.0549888610839844,1.1393439769744873,1.6579413414001465,3.9796271324157715,5.09149694442749,5.416945457458496,0.9712554216384888
1.5584137439727783,3.0923914909362793,1.2436463832855225,1.6456751823425293,3.307626724243164,5.139228343963623,5.022348880767822,1.154386281967163
1.9406895637512207,3.440052032470703,1.4685850143432617,2.0341084003448486,3.589625358581543,5.8558878898620605,5.610132694244385,0.7379695177078247
1.7978200912475586,2.9236347675323486,1.1745102405548096,1.865152359008789,4.225161552429199,5.569124221801758,5.445394039154053,1.0155410766601562
1.2372467517852783,2.543809175491333,1.066234827041626,1.4064552783966064,2.786029577255249,4.12144136428833,5.0917229652404785,1.1062395572662354
2.825330972671509,4.196985721588135,1.5945487022399902,2.2540907859802246,4.894663333892822,6.28273344039917,6.004967212677002,1.523266315460205
2.0118846893310547,3.7696871757507324,1.6868321895599365,2.4397478103637695,4.502389907836914,5.249305725097656,5.655087947845459,1.407658338546753
1.6922121047973633,2.5819332599639893,1.5370943546295166,1.8420448303222656,3.785355567932129,4.857090473175049,4.357573986053467,2.223931074142456
1.7070012092590332,2.606842517852783,1.0110375881195068,1.3216824531555176,3.143345832824707,3.9823837280273438,4.847540855407715,0.8708034753799438
1.7555694580078125,3.1948986053466797,1.4507617950439453,1.7397994995117188,3.1008429527282715,4.720157146453857,5.40818977355957,0.8373497724533081
1.9380214214324951,2.7778067588806152,1.0497708320617676,1.5226688385009766,3.4686594009399414,5.520382404327393,4.892195224761963,1.1967339515686035
1.5864648818969727,2.5172488689422607,0.9450720548629761,1.3959314823150635,3.2338404655456543,4.911656379699707,5.039011001586914,1.226243019104004
2.158099889755249,2.3383946418762207,0.9093685150146484,1.4597249031066895,4.30592679977417,4.819321155548096,5.650200366973877,1.1388661861419678
2.403618812561035,3.4155659675598145,1.50140380859375,2.506484270095825,4.994263648986816,6.5086212158203125,5.431145191192627,1.0684814453125
1.852494239807129,3.049783706665039,1.419175624847412,1.279979944229126,2.701413869857788,5.559737205505371,3.9973297119140625,0.8047364950180054
1.578984022140503,2.862546682357788,1.0611510276794434,1.7773995399475098,3.675373077392578,5.35789155960083,4.976030349731445,0.996707558631897
1.0491867065429688,2.094374895095825,0.731197714805603,1.4137389659881592,2.986964464187622,4.64965295791626,4.817027568817139,0.48799049854278564
1.3490707874298096,2.4181466102600098,0.9399780035018921,1.5445690155029297,3.295393943786621,4.709335803985596,5.268740177154541,0.5540686845779419
0.9665613174438477,2.55108380317688,0.7327574491500854,1.26277756690979,2.2564022541046143,3.7702651023864746,4.820342063903809,0.04303431510925293
0.9617617130279541,2.2829504013061523,0.883933424949646,1.7838366031646729,3.1193928718566895,3.9388222694396973,4.814638614654541,0.6794310808181763
1.5141980648040771,2.8319873809814453,0.8635575771331787,1.597646951675415,3.2401914596557617,5.196138858795166,4.910562992095947,0.4828815460205078
1.4523355960845947,2.5423271656036377,0.5041745901107788,1.3264851570129395,3.464473247528076,4.272656440734863,5.208806037902832,0.4717150926589966
1.7823083400726318,2.457300901412964,0.8622105121612549,1.5303730964660645,4.1558051109313965,4.873376846313477,5.359916687011719,1.117661476135254
0.9661380052566528,2.4983456134796143,0.8460688591003418,1.8686230182647705,2.9558095932006836,4.7838873863220215,4.6702399253845215,0.5481655597686768
1.3098678588867188,2.479875326156616,1.0527751445770264,1.0721120834350586,1.937028169631958,4.160675525665283,4.599187850952148,0.8308628797531128
0.7703040838241577,2.305185317993164,0.9519991874694824,1.1989805698394775,2.0100245475769043,4.017276287078857,4.250840187072754,0.4949491024017334
2.906428575515747,3.7334952354431152,1.3090860843658447,2.107346296310425,4.906137466430664,6.326907157897949,4.248802185058594,0.953529953956604
2.1913645267486572,3.5166187286376953,1.516998291015625,1.8841261863708496,4.0317840576171875,5.036339282989502,3.149406909942627,0.5552322864532471
0.9511575698852539,2.047253131866455,0.7956249713897705,0.9165726900100708,1.6804466247558594,3.454021453857422,4.533123016357422,0.5123242139816284
2.2594785690307617,3.95249080657959,1.8524916172027588,2.655360221862793,4.58137845993042,5.861068248748779,5.176596641540527,1.4078776836395264
2.7192914485931396,3.917207717895508,1.4647295475006104,2.3054723739624023,5.098572731018066,6.131783485412598,5.553369998931885,1.028174877166748
1.8941144943237305,3.0087027549743652,1.2833800315856934,1.9278361797332764,3.9170327186584473,5.875801086425781,5.033336639404297,1.1729562282562256
2.7124598026275635,3.9909353256225586,1.5409140586853027,2.1596014499664307,4.79861307144165,5.63109016418457,5.466309070587158,1.0860700607299805
1.8625984191894531,2.130002021789551,0.8287272453308105,1.3342468738555908,3.7863569259643555,4.799175262451172,5.066905975341797,1.0611228942871094
1.603083848953247,2.9661169052124023,1.4732937812805176,2.19622802734375,4.17638635635376,5.2111735343933105,3.998600482940674,1.4061369895935059
1.4050023555755615,2.6453442573547363,0.5579913854598999,1.2504267692565918,2.8398871421813965,4.398863792419434,4.937790393829346,0.2500513792037964
1.6630542278289795,2.8365869522094727,1.0991244316101074,1.8615391254425049,3.911672592163086,5.597938060760498,5.245831489562988,0.7987642288208008
1.1217360496520996,2.4357850551605225,0.8955448865890503,1.4547865390777588,2.4658002853393555,4.135996341705322,4.750458717346191,0.3350268602371216
1.6671321392059326,3.2470273971557617,1.213507890701294,1.8073973655700684,3.1407251358032227,4.569404125213623,5.22288703918457,0.5642542839050293
0.8943241834640503,2.476341724395752,0.9701870679855347,1.2693016529083252,1.806516170501709,3.705667495727539,4.328095436096191,0.6218240261077881
1.5731971263885498,2.7769088745117188,0.9109556674957275,1.4054107666015625,3.028895378112793,4.991783618927002,5.141070365905762,0.8408701419830322
1.9655206203460693,3.190931797027588,1.4657821655273438,2.323922872543335,4.365171432495117,5.60412073135376,5.703812599182129,1.0845470428466797
2.1911211013793945,3.0168066024780273,0.8790766000747681,1.4986388683319092,3.961541175842285,4.987751007080078,5.373481273651123,0.8873071670532227
1.6418132781982422,2.569678783416748,1.0743801593780518,1.8506789207458496,3.8629183769226074,4.604370594024658,5.323177814483643,1.02323579788208
2.4719603061676025,3.9307861328125,1.6069672107696533,2.5490713119506836,4.636067867279053,5.953229904174805,5.999063968658447,1.4351615905761719
2.609854221343994,3.7995810508728027,1.8001291751861572,3.2843308448791504,5.823098659515381,5.879242897033691,5.007716655731201,1.339085578918457
1.1552612781524658,2.6400859355926514,0.9286535978317261,1.582362413406372,2.4971230030059814,4.41986083984375,4.772252559661865,0.7943836450576782
1.4251608848571777,3.1525893211364746,1.077970027923584,1.7698993682861328,3.263035774230957,4.340068817138672,5.0102972984313965,0.21409964561462402
2.803675413131714,4.2244768142700195,1.1352243423461914,2.1716272830963135,4.882828235626221,6.0164995193481445,5.643579006195068,0.6849039793014526
1.503037691116333,3.180731773376465,1.291982889175415,1.8492956161499023,2.578137159347534,4.5684428215026855,4.823457717895508,0.464033842086792
2.7003021240234375,3.640754222869873,1.738703966140747,2.636732339859009,5.187407970428467,5.475889682769775,5.879636287689209,1.2780556678771973
3.895328998565674,4.205833911895752,2.1088132858276367,2.6445350646972656,5.568628311157227,5.733276844024658,7.248597145080566,1.9024364948272705
1.7786948680877686,3.436760902404785,1.1584217548370361,1.4005126953125,2.4747798442840576,4.4384026527404785,4.716594219207764,0.3254321813583374
1.9951331615447998,3.6896820068359375,1.7254769802093506,2.4962596893310547,3.802584171295166,5.266660213470459,5.294803142547607,1.0172278881072998
1.6238648891448975,3.0609130859375,0.5371270179748535,1.4286506175994873,3.026966094970703,3.7691917419433594,5.034110069274902,-0.07164651155471802
2.882909059524536,3.951704502105713,1.8917205333709717,3.163198947906494,5.752110004425049,6.201258182525635,5.408926010131836,1.531224250793457
1.4775581359863281,2.693450689315796,1.1920695304870605,1.341257095336914,1.943244457244873,4.042888164520264,4.753920078277588,0.5841277837753296
1.4150800704956055,2.8751139640808105,1.4198882579803467,2.186598300933838,3.068852424621582,4.975338459014893,4.769419193267822,0.5254477262496948
2.4297292232513428,3.3438634872436523,1.593390941619873,2.4717752933502197,4.595412731170654,6.236744403839111,5.206376075744629,1.290313482284546
1.9645013809204102,2.3019468784332275,1.0111982822418213,1.6079308986663818,3.5831480026245117,4.4245991706848145,5.3110809326171875,1.1136858463287354
2.2249093055725098,2.9370460510253906,1.0043036937713623,1.4899823665618896,2.8647499084472656,5.28036642074585,4.981637001037598,1.09370756149292
1.3822834491729736,2.4365084171295166,1.3391783237457275,1.9440364837646484,2.808316707611084,4.255978107452393,5.369898319244385,1.0456187725067139
2.2877488136291504,2.2390029430389404,0.9569951295852661,1.4388456344604492,3.5190935134887695,4.4555535316467285,5.532217979431152,1.2150394916534424
1.4499163627624512,2.651251792907715,0.8803919553756714,1.5571904182434082,2.385769844055176,4.687262058258057,4.66013765335083,0.5583821535110474
2.2137813568115234,3.088977336883545,0.8413170576095581,1.9553298950195312,4.4108405113220215,5.365040302276611,5.159156799316406,0.5864831209182739
1.530583381652832,2.9409711360931396,1.037383794784546,1.6761233806610107,2.8878352642059326,4.4196906089782715,4.918346881866455,0.8052372932434082
2.3988630771636963,3.382235050201416,1.104217290878296,1.703688621520996,3.455831527709961,5.651819229125977,5.195953845977783,0.8335801362991333
2.0427160263061523,2.824406862258911,0.8407280445098877,2.5855324268341064,5.305403709411621,5.171515464782715,3.507193088531494,0.6666224002838135
3.2262015342712402,4.037011623382568,1.3135409355163574,2.4621355533599854,5.001327991485596,6.015181541442871,6.509409427642822,0.9361906051635742
4.034340858459473,3.860929012298584,1.916292428970337,2.9385666847229004,6.780586242675781,6.285503387451172,6.049208641052246,1.8974902629852295
1.8422927856445312,3.1606245040893555,1.1610126495361328,1.988785743713379,3.1968765258789062,5.164790153503418,5.096890926361084,0.7343918085098267
2.6249637603759766,3.61295747756958,0.9871416091918945,1.7012417316436768,3.6041464805603027,5.345754623413086,5.577072620391846,0.4873002767562866
2.281092405319214,2.7968626022338867,1.1678729057312012,1.7011158466339111,3.6734414100646973,5.683674335479736,5.275735855102539,0.9434386491775513
1.4523580074310303,2.1420109272003174,1.0969865322113037,1.5493547916412354,2.4598445892333984,4.2346649169921875,4.982312202453613,0.7991377115249634
3.3814444541931152,2.9377996921539307,1.251861333847046,1.71429443359375,4.828915119171143,5.413947105407715,6.028505325317383,1.4769084453582764
3.2911057472229004,3.6789016723632812,1.5294702053070068,2.536637544631958,5.633264541625977,6.131136894226074,5.996119022369385,1.4362494945526123
1.5589110851287842,2.641005754470825,1.2608888149261475,1.7269346714019775,2.831754446029663,4.359236240386963,4.794619083404541,0.9733316898345947
3.385944366455078,3.382493495941162,1.0592410564422607,1.865363597869873,4.719544887542725,5.402193546295166,6.099964141845703,0.6538453102111816
1.7141375541687012,2.713338851928711,0.8172602653503418,1.9538295269012451,3.5900588035583496,5.481664657592773,4.820347785949707,0.6665407419204712
2.0548129081726074,2.7580320835113525,1.038783311843872,1.5507817268371582,3.1479287147521973,4.78563928604126,5.225732326507568,0.5308830738067627
2.4020276069641113,3.09700870513916,1.2389001846313477,2.464372396469116,4.668368339538574,5.1240153312683105,6.079392433166504,0.6488405466079712
2.431492567062378,2.819504499435425,1.0548734664916992,1.62703275680542,3.249180793762207,4.824967384338379,5.585624694824219,0.5722094774246216
3.457289695739746,3.14070463180542,1.2124402523040771,1.46417236328125,4.2252607345581055,5.126979827880859,5.050528526306152,1.7926859855651855
3.4461984634399414,3.267087459564209,1.3673524856567383,2.1252729892730713,5.079888820648193,5.942299842834473,6.033444881439209,1.085693359375
3.228850841522217,3.019071102142334,1.4363794326782227,2.3762431144714355,5.438688278198242,5.643495082855225,5.923919200897217,1.5420582294464111
1.944894552230835,3.0053515434265137,0.07605099678039551,0.44788670539855957,1.1718897819519043,1.9707872867584229,2.5541210174560547,-0.46139901876449585
1.5522432327270508,2.6254265308380127,1.4491829872131348,2.0738213062286377,2.6683504581451416,4.373055458068848,5.2974395751953125,0.8952131271362305
0.0,0.0,0.0,0.0,0.0,0.0,0.0,0.0
0.0,0.0,0.0,0.0,0.0,0.0,0.0,0.0
0.0,0.0,0.0,0.0,0.0,0.0,0.0,0.0
0.0,0.0,0.0,0.0,0.0,0.0,0.0,0.0
0.0,0.0,0.0,0.0,0.0,0.0,0.0,0.0
0.0,0.0,0.0,0.0,0.0,0.0,0.0,0.0
0.0,0.0,0.0,0.0,0.0,0.0,0.0,0.0
0.0,0.0,0.0,0.0,0.0,0.0,0.0,0.0
0.0,0.0,0.0,0.0,0.0,0.0,0.0,0.0
0.0,0.0,0.0,0.0,0.0,0.0,0.0,0.0
0.0,0.0,0.0,0.0,0.0,0.0,0.0,0.0
0.0,0.0,0.0,0.0,0.0,0.0,0.0,0.0
0.0,0.0,0.0,0.0,0.0,0.0,0.0,0.0
0.0,0.0,0.0,0.0,0.0,0.0,0.0,0.0
0.0,0.0,0.0,0.0,0.0,0.0,0.0,0.0
0.0,0.0,0.0,0.0,0.0,0.0,0.0,0.0
0.0,0.0,0.0,0.0,0.0,0.0,0.0,0.0
0.0,0.0,0.0,0.0,0.0,0.0,0.0,0.0
0.0,0.0,0.0,0.0,0.0,0.0,0.0,0.0
0.0,0.0,0.0,0.0,0.0,0.0,0.0,0.0
0.0,0.0,0.0,0.0,0.0,0.0,0.0,0.0
0.0,0.0,0.0,0.0,0.0,0.0,0.0,0.0
0.0,0.0,0.0,0.0,0.0,0.0,0.0,0.0
0.0,0.0,0.0,0.0,0.0,0.0,0.0,0.0
0.0,0.0,0.0,0.0,0.0,0.0,0.0,0.0
0.0,0.0,0.0,0.0,0.0,0.0,0.0,0.0
0.0,0.0,0.0,0.0,0.0,0.0,0.0,0.0
0.0,0.0,0.0,0.0,0.0,0.0,0.0,0.0
0.0,0.0,0.0,0.0,0.0,0.0,0.0,0.0
0.0,0.0,0.0,0.0,0.0,0.0,0.0,0.0
0.0,0.0,0.0,0.0,0.0,0.0,0.0,0.0
0.0,0.0,0.0,0.0,0.0,0.0,0.0,0.0
0.0,0.0,0.0,0.0,0.0,0.0,0.0,0.0
0.0,0.0,0.0,0.0,0.0,0.0,0.0,0.0
0.0,0.0,0.0,0.0,0.0,0.0,0.0,0.0
0.0,0.0,0.0,0.0,0.0,0.0,0.0,0.0
0.0,0.0,0.0,0.0,0.0,0.0,0.0,0.0
0.0,0.0,0.0,0.0,0.0,0.0,0.0,0.0
0.0,0.0,0.0,0.0,0.0,0.0,0.0,0.0
0.0,0.0,0.0,0.0,0.0,0.0,0.0,0.0
0.0,0.0,0.0,0.0,0.0,0.0,0.0,0.0
0.0,0.0,0.0,0.0,0.0,0.0,0.0,0.0
0.0,0.0,0.0,0.0,0.0,0.0,0.0,0.0
0.0,0.0,0.0,0.0,0.0,0.0,0.0,0.0
0.0,0.0,0.0,0.0,0.0,0.0,0.0,0.0
0.0,0.0,0.0,0.0,0.0,0.0,0.0,0.0
0.0,0.0,0.0,0.0,0.0,0.0,0.0,0.0
0.0,0.0,0.0,0.0,0.0,0.0,0.0,0.0
0.0,0.0,0.0,0.0,0.0,0.0,0.0,0.0
0.0,0.0,0.0,0.0,0.0,0.0,0.0,0.0
0.0,0.0,0.0,0.0,0.0,0.0,0.0,0.0
0.0,0.0,0.0,0.0,0.0,0.0,0.0,0.0
0.0,0.0,0.0,0.0,0.0,0.0,0.0,0.0
0.0,0.0,0.0,0.0,0.0,0.0,0.0,0.0
0.0,0.0,0.0,0.0,0.0,0.0,0.0,0.0
0.0,0.0,0.0,0.0,0.0,0.0,0.0,0.0
0.0,0.0,0.0,0.0,0.0,0.0,0.0,0.0
0.0,0.0,0.0,0.0,0.0,0.0,0.0,0.0
0.0,0.0,0.0,0.0,0.0,0.0,0.0,0.0
0.0,0.0,0.0,0.0,0.0,0.0,0.0,0.0
0.0,0.0,0.0,0.0,0.0,0.0,0.0,0.0
0.0,0.0,0.0,0.0,0.0,0.0,0.0,0.0
0.0,0.0,0.0,0.0,0.0,0.0,0.0,0.0
0.0,0.0,0.0,0.0,0.0,0.0,0.0,0.0
0.0,0.0,0.0,0.0,0.0,0.0,0.0,0.0
0.0,0.0,0.0,0.0,0.0,0.0,0.0,0.0
0.0,0.0,0.0,0.0,0.0,0.0,0.0,0.0
0.0,0.0,0.0,0.0,0.0,0.0,0.0,0.0
0.0,0.0,0.0,0.0,0.0,0.0,0.0,0.0
0.0,0.0,0.0,0.0,0.0,0.0,0.0,0.0
0.0,0.0,0.0,0.0,0.0,0.0,0.0,0.0
0.0,0.0,0.0,0.0,0.0,0.0,0.0,0.0
0.0,0.0,0.0,0.0,0.0,0.0,0.0,0.0
0.0,0.0,0.0,0.0,0.0,0.0,0.0,0.0
0.0,0.0,0.0,0.0,0.0,0.0,0.0,0.0
0.0,0.0,0.0,0.0,0.0,0.0,0.0,0.0
0.0,0.0,0.0,0.0,0.0,0.0,0.0,0.0
0.0,0.0,0.0,0.0,0.0,0.0,0.0,0.0
0.0,0.0,0.0,0.0,0.0,0.0,0.0,0.0
0.0,0.0,0.0,0.0,0.0,0.0,0.0,0.0
0.0,0.0,0.0,0.0,0.0,0.0,0.0,0.0
0.0,0.0,0.0,0.0,0.0,0.0,0.0,0.0
0.0,0.0,0.0,0.0,0.0,0.0,0.0,0.0
0.0,0.0,0.0,0.0,0.0,0.0,0.0,0.0
0.0,0.0,0.0,0.0,0.0,0.0,0.0,0.0
0.0,0.0,0.0,0.0,0.0,0.0,0.0,0.0
0.0,0.0,0.0,0.0,0.0,0.0,0.0,0.0
0.0,0.0,0.0,0.0,0.0,0.0,0.0,0.0
0.0,0.0,0.0,0.0,0.0,0.0,0.0,0.0
0.0,0.0,0.0,0.0,0.0,0.0,0.0,0.0
0.0,0.0,0.0,0.0,0.0,0.0,0.0,0.0
0.0,0.0,0.0,0.0,0.0,0.0,0.0,0.0
0.0,0.0,0.0,0.0,0.0,0.0,0.0,0.0
0.0,0.0,0.0,0.0,0.0,0.0,0.0,0.0
0.0,0.0,0.0,0.0,0.0,0.0,0.0,0.0
0.0,0.0,0.0,0.0,0.0,0.0,0.0,0.0
0.0,0.0,0.0,0.0,0.0,0.0,0.0,0.0
0.0,0.0,0.0,0.0,0.0,0.0,0.0,0.0
0.0,0.0,0.0,0.0,0.0,0.0,0.0,0.0
0.0,0.0,0.0,0.0,0.0,0.0,0.0,0.0
0.0,0.0,0.0,0.0,0.0,0.0,0.0,0.0
0.0,0.0,0.0,0.0,0.0,0.0,0.0,0.0
0.0,0.0,0.0,0.0,0.0,0.0,0.0,0.0
0.0,0.0,0.0,0.0,0.0,0.0,0.0,0.0
0.0,0.0,0.0,0.0,0.0,0.0,0.0,0.0
0.0,0.0,0.0,0.0,0.0,0.0,0.0,0.0
0.0,0.0,0.0,0.0,0.0,0.0,0.0,0.0
0.0,0.0,0.0,0.0,0.0,0.0,0.0,0.0
0.0,0.0,0.0,0.0,0.0,0.0,0.0,0.0
0.0,0.0,0.0,0.0,0.0,0.0,0.0,0.0
0.0,0.0,0.0,0.0,0.0,0.0,0.0,0.0
0.0,0.0,0.0,0.0,0.0,0.0,0.0,0.0
0.0,0.0,0.0,0.0,0.0,0.0,0.0,0.0
