round,acc,loss,Fw_norm
0,10.0,364.5995635986328,0.13808105885982513
1,14.66,368.3133363723755,0.7415066361427307
2,16.47,361.4905867576599,1.3688148260116577
3,16.76,354.587047457695,1.5642449855804443
4,17.68,345.8559194803238,2.398118019104004
5,20.34,345.3588740825653,2.473828077316284
6,21.26,329.8295043706894,3.2112507820129395
7,22.27,325.2324107885361,2.2660865783691406
8,24.04,316.8133752346039,2.7724292278289795
9,25.03,314.9272121191025,2.4472997188568115
10,26.19,310.22932612895966,2.6831576824188232
11,28.75,306.95349311828613,2.6055819988250732
12,29.99,302.10523426532745,3.10797381401062
13,30.54,303.57100665569305,2.1874682903289795
14,30.71,298.9405610561371,3.146709442138672
15,32.15,296.6030831336975,3.1652095317840576
16,32.93,293.05547869205475,3.2666702270507812
17,34.34,284.4389399290085,3.900167942047119
18,34.46,284.317156791687,3.2115588188171387
19,35.16,282.1417752504349,3.455596446990967
20,34.29,281.1368808746338,3.1445677280426025
21,35.93,274.67392206192017,2.5214264392852783
22,35.78,274.4323363304138,3.5357725620269775
23,36.89,269.8145251274109,3.4367125034332275
24,37.0,264.61946177482605,3.3105051517486572
25,37.46,264.57260608673096,2.5280516147613525
26,37.78,264.45991110801697,3.090244770050049
27,38.25,261.8474258184433,3.1438729763031006
28,38.64,257.40431904792786,2.996223211288452
29,38.41,261.34705102443695,2.5920727252960205
30,38.31,257.5258289575577,2.6903088092803955
31,39.02,255.02136611938477,2.5686287879943848
32,38.9,254.07910776138306,2.4565629959106445
33,38.0,250.72460007667542,2.6461069583892822
34,38.92,255.49988496303558,3.5307295322418213
35,39.9,251.32410526275635,3.8662092685699463
36,40.0,245.4897952079773,3.4042611122131348
37,40.93,246.3490264415741,3.1495749950408936
38,41.23,242.65721726417542,2.3546111583709717
39,41.02,239.23009371757507,2.552908182144165
40,40.9,240.90635740756989,2.7832558155059814
41,41.73,237.55166220664978,2.766294002532959
42,42.14,236.13753354549408,2.6747848987579346
43,42.83,233.5424097776413,2.7639153003692627
44,42.77,236.42683792114258,2.8894202709198
45,43.91,230.8706192970276,3.0162911415100098
46,44.74,231.60697555541992,2.6959409713745117
47,45.06,228.31059968471527,2.5634918212890625
48,45.37,228.5751965045929,2.71315336227417
49,44.7,226.8359875679016,2.5325210094451904
50,45.78,226.18254387378693,2.871734619140625
51,45.75,225.97812938690186,2.51851224899292
52,46.75,220.14498472213745,2.9186019897460938
53,47.55,221.13570284843445,3.0310471057891846
54,46.85,221.27177727222443,2.8949968814849854
55,47.34,217.43147492408752,2.9307191371917725
56,47.67,218.0150853395462,2.747612476348877
57,47.8,219.5128791332245,2.5907833576202393
58,47.68,220.4984347820282,2.6418521404266357
59,48.75,214.37123882770538,2.7990615367889404
60,48.14,216.8589609861374,2.8341305255889893
61,49.23,211.91387844085693,3.0573558807373047
62,48.92,213.793110370636,2.6922829151153564
63,49.69,209.8695861697197,2.6658198833465576
64,49.8,211.39000743627548,2.5955283641815186
65,48.58,212.41584050655365,2.9702744483947754
66,49.8,211.65645653009415,3.205260992050171
67,50.15,210.65122938156128,3.023132801055908
68,49.7,209.27440601587296,2.9229235649108887
69,49.49,212.07101172208786,3.056413173675537
70,50.58,207.32946455478668,3.2975668907165527
71,50.24,209.8117075562477,3.005831241607666
72,51.05,207.92812365293503,3.197206497192383
73,50.97,209.10672676563263,2.907855749130249
74,51.6,204.66571259498596,3.1934080123901367
75,51.77,201.095301091671,3.0991289615631104
76,51.55,203.58816879987717,2.58487606048584
77,51.05,202.8880929350853,2.786684989929199
78,51.01,206.34092611074448,2.914680242538452
79,51.38,204.46058559417725,3.1655635833740234
80,51.93,206.49501734972,3.133507251739502
81,51.56,203.91514152288437,3.2691190242767334
82,52.22,202.53830295801163,3.0713932514190674
83,51.82,201.6868224143982,3.012521266937256
84,52.56,195.27060943841934,2.9786036014556885
85,52.28,201.27887707948685,2.863776206970215
86,52.16,199.86708134412766,3.1084282398223877
87,52.43,200.15458291769028,3.059605121612549
88,52.62,197.42354851961136,3.3235080242156982
89,52.93,195.9024469256401,2.926016330718994
90,52.35,196.74798172712326,2.9430134296417236
91,52.38,197.43383061885834,3.2120163440704346
92,52.64,196.91627722978592,3.0234763622283936
93,53.11,194.93922758102417,3.1974101066589355
94,53.19,198.3349753022194,3.1799185276031494
95,52.83,193.5813266634941,3.642894744873047
96,53.46,195.52410739660263,3.1979281902313232
97,53.14,196.05413234233856,3.141294240951538
98,53.51,192.7029487490654,3.294673204421997
99,53.71,194.68375706672668,3.074669361114502
100,53.83,193.03830868005753,3.19831919670105
101,53.94,191.18243503570557,3.294321298599243
102,53.39,192.60475313663483,3.193798303604126
103,54.41,190.4156900048256,3.3280816078186035
104,53.68,196.7848230600357,3.1532671451568604
105,54.1,196.70211470127106,3.6385302543640137
106,54.03,197.0395791530609,3.8972957134246826
107,54.29,192.799898147583,3.702518939971924
108,54.29,190.18962585926056,3.419484853744507
109,54.51,192.13556134700775,3.1622369289398193
110,55.35,186.97237372398376,3.949841260910034
111,54.99,190.55878937244415,3.2650296688079834
112,55.34,188.07115137577057,3.643373727798462
113,55.55,187.53786689043045,3.3036952018737793
114,55.35,190.51950293779373,3.425086259841919
115,55.45,191.38595402240753,3.4232161045074463
116,55.78,187.24672853946686,3.418955087661743
117,56.46,182.10827893018723,3.285271167755127
118,53.53,191.30420243740082,2.9924283027648926
119,56.07,183.21112298965454,3.7319416999816895
120,56.0,180.08750826120377,3.0569896697998047
121,56.39,184.1017941236496,3.0923571586608887
122,56.43,183.48247909545898,3.16044020652771
123,56.07,184.76139378547668,3.4304378032684326
124,56.06,185.74909406900406,3.433178424835205
125,56.66,184.31262600421906,3.446678638458252
126,56.4,183.77661502361298,3.3564040660858154
127,57.46,175.47877591848373,3.3355562686920166
128,57.34,178.1725168824196,2.762948751449585
129,55.84,187.23338449001312,3.037942409515381
130,53.98,196.1012008190155,3.5078160762786865
131,56.28,182.89318013191223,4.505347728729248
132,54.54,188.33413314819336,3.5326764583587646
133,57.01,182.32322096824646,4.24017858505249
134,56.94,182.50477749109268,3.344564437866211
135,57.37,182.08551740646362,3.8268120288848877
136,57.77,177.53584587574005,3.480494260787964
137,57.04,180.56776547431946,3.4203624725341797
138,56.75,183.46868187189102,3.613945960998535
139,56.69,183.410770714283,3.4940621852874756
140,56.89,182.96312922239304,3.5337061882019043
141,57.33,177.8512271642685,3.562183380126953
142,58.05,175.09962129592896,3.3100461959838867
143,58.31,175.52493566274643,3.1204075813293457
144,57.89,173.38310742378235,3.2304577827453613
145,57.86,175.27140349149704,3.1002378463745117
146,57.54,176.32126438617706,3.3262295722961426
147,58.74,175.34854406118393,3.662277936935425
148,57.39,176.22975033521652,3.277496576309204
149,57.36,182.02829039096832,3.2017722129821777
150,58.73,175.36181449890137,3.9113450050354004
151,59.21,172.92953032255173,3.4054782390594482
152,58.98,170.27205502986908,3.4601430892944336
153,58.57,177.1186271905899,3.4454610347747803
154,58.22,181.98448079824448,3.795518398284912
155,58.58,176.8507297039032,3.8687143325805664
156,58.17,178.16739708185196,3.751594066619873
157,58.15,174.5279306769371,3.7527108192443848
158,59.25,173.88641375303268,3.887310743331909
159,59.61,170.21347904205322,3.3687562942504883
160,59.4,170.99189698696136,3.658277750015259
161,59.49,172.55287367105484,3.3979809284210205
162,58.8,173.3085213303566,3.39196515083313
163,60.02,168.27605539560318,3.5780208110809326
164,60.55,166.81645172834396,3.646730899810791
165,59.05,172.8948431611061,3.330960988998413
166,60.56,167.10959374904633,3.8095436096191406
167,59.22,173.26820921897888,3.6537837982177734
168,57.88,179.28968399763107,3.986585855484009
169,58.84,174.50569385290146,4.1672539710998535
170,59.82,169.64187133312225,4.076469898223877
171,61.15,167.7127383351326,3.532130241394043
172,60.12,169.24020272493362,3.693243980407715
173,60.66,168.72343009710312,3.5697083473205566
174,58.79,178.59429270029068,3.636930465698242
175,58.9,172.17030555009842,4.005605220794678
176,60.15,167.78866869211197,3.663393497467041
177,58.94,173.6337199807167,3.4236083030700684
178,60.09,177.44007086753845,4.258697986602783
179,59.88,178.41012901067734,4.125889301300049
180,60.62,169.7955374121666,4.1191086769104
181,61.43,171.32001626491547,3.6740610599517822
182,60.66,175.28946536779404,3.6804792881011963
183,60.52,175.76522248983383,4.130111217498779
184,59.62,174.42423897981644,4.0306620597839355
185,60.89,167.16323065757751,4.028304576873779
186,60.38,172.26732057332993,3.604862928390503
187,61.06,172.01945906877518,3.6910176277160645
188,61.54,169.32386964559555,3.8539655208587646
189,61.15,170.13790380954742,3.510603666305542
190,61.83,167.1246793270111,3.7588980197906494
191,61.83,168.23415195941925,3.7054378986358643
192,61.63,169.55979144573212,3.611180305480957
193,61.33,164.44905656576157,4.010294437408447
194,60.46,170.08864670991898,3.3182289600372314
195,61.54,169.51346105337143,3.931896924972534
196,60.54,172.5907626748085,3.7401251792907715
197,60.77,170.68081784248352,4.041653633117676
198,61.22,170.8771658539772,3.7531590461730957
199,61.54,171.82604068517685,3.8010027408599854
200,61.82,169.27667999267578,3.9623591899871826
201,62.1,168.96339017152786,3.692861795425415
202,61.25,169.6074270606041,3.6234073638916016
203,61.98,164.12670475244522,3.851616859436035
204,61.64,173.29829823970795,3.395616292953491
205,62.02,169.0533459186554,4.130663871765137
206,62.13,166.08245265483856,3.7602713108062744
207,61.6,169.9763160943985,3.7565038204193115
208,62.48,164.74355620145798,3.9535775184631348
209,61.71,166.53927528858185,3.559741258621216
210,62.66,162.7090980410576,3.512425184249878
211,61.91,166.87934052944183,3.4259753227233887
212,62.44,167.21128410100937,3.685802698135376
213,62.62,166.29642283916473,3.9497644901275635
214,61.0,173.6881920695305,3.8605597019195557
215,61.95,169.4618638753891,4.332127094268799
216,62.85,166.3803841471672,3.972123384475708
217,63.39,161.18376511335373,3.6003518104553223
218,62.3,172.72014087438583,3.664334774017334
219,62.69,169.50527012348175,4.439718723297119
220,63.39,164.7822926044464,4.058875560760498
221,62.55,171.06548875570297,3.783460855484009
222,63.08,164.04961037635803,4.337027072906494
223,63.4,163.35441809892654,3.588078260421753
224,63.38,161.85657155513763,3.77173113822937
225,62.41,170.92477703094482,3.4851632118225098
226,63.26,167.76645129919052,4.255642414093018
227,62.64,169.75718539953232,4.027632713317871
228,62.93,160.52491974830627,3.9225735664367676
229,61.96,171.3412976861,3.493595600128174
230,63.77,164.1298987865448,4.506049633026123
231,63.08,172.29974949359894,3.7797183990478516
232,63.86,164.36740469932556,4.376804351806641
233,63.98,162.21332967281342,3.8486151695251465
234,62.86,174.030531167984,3.777819871902466
235,63.43,169.6246938109398,4.506267070770264
236,63.46,169.50503170490265,4.080272197723389
237,63.27,173.910291492939,4.0341291427612305
238,63.65,170.9412523508072,4.268333911895752
239,62.78,173.63625544309616,4.21619987487793
240,62.78,172.0145701766014,4.0460381507873535
241,62.39,177.29515355825424,4.008262634277344
242,63.48,165.78871297836304,4.535401344299316
243,63.7,172.87218487262726,3.7885777950286865
244,63.12,173.84542936086655,4.093515872955322
245,63.16,173.5185465812683,4.45313835144043
246,65.27,159.8197030723095,4.184691905975342
247,64.61,159.58554023504257,3.5296385288238525
248,63.51,168.51683115959167,3.263686418533325
249,63.39,168.06640416383743,4.199395656585693
250,63.89,166.77842724323273,3.826498031616211
251,63.82,163.9044851064682,3.7833800315856934
252,63.85,171.1718663573265,3.847292184829712
253,63.74,170.62197828292847,4.0035400390625
254,63.93,171.31312495470047,4.0624260902404785
255,62.9,174.46935081481934,4.443309307098389
256,62.91,173.88707649707794,5.002139568328857
257,63.04,172.0307766199112,4.352992534637451
258,64.65,166.2863888144493,4.15225887298584
259,63.33,173.9586580991745,3.6618611812591553
260,63.24,173.69198668003082,4.2351603507995605
261,63.86,170.23760563135147,4.177125930786133
262,63.24,173.49556761980057,3.9233012199401855
263,62.58,174.69913387298584,4.5198845863342285
264,63.94,170.85910028219223,4.616726875305176
265,63.3,170.28526830673218,4.201317310333252
266,64.04,166.18399262428284,4.059552192687988
267,63.75,175.18437296152115,3.8495795726776123
268,64.33,165.31065452098846,4.424832820892334
269,64.38,163.0945959687233,3.9509129524230957
270,64.52,164.3956999182701,3.7330286502838135
271,63.44,180.14112931489944,3.757402181625366
272,65.28,159.50786903500557,5.023171424865723
273,65.03,163.37091088294983,3.6918368339538574
274,63.14,178.06601333618164,3.561615467071533
275,63.14,177.150200009346,4.595662593841553
276,64.73,171.70497125387192,4.75653600692749
277,64.23,171.89821767807007,4.1987833976745605
278,64.16,170.172017455101,4.287487030029297
279,64.47,166.67691391706467,4.20047664642334
280,64.19,170.61359131336212,3.9079277515411377
281,64.35,165.46764010190964,4.051384925842285
282,64.77,166.046566426754,3.7492711544036865
283,64.76,167.9160571694374,3.6045944690704346
284,64.46,174.36474043130875,3.698780059814453
285,65.26,172.95905762910843,4.6285223960876465
286,63.35,178.28223770856857,4.271173477172852
287,64.43,169.78787982463837,5.285550117492676
288,64.53,167.34059864282608,3.9960720539093018
289,64.06,175.49014830589294,3.7339437007904053
290,63.98,170.83371526002884,4.572490215301514
291,63.96,174.8381945490837,3.8939552307128906
292,64.17,182.14649546146393,4.124558448791504
293,64.55,172.4438756108284,4.579680442810059
294,64.35,175.97136068344116,4.026823997497559
295,65.33,167.30466675758362,4.46195650100708
296,65.28,167.21460956335068,3.665144205093384
297,65.62,161.87387889623642,3.7927603721618652
298,64.58,166.3431198000908,3.3733315467834473
299,64.9,169.75963139533997,3.542332172393799
300,65.51,171.8469969034195,3.9008734226226807
301,65.78,161.37351781129837,4.384448528289795
302,65.22,162.058712631464,3.502802610397339
303,64.25,177.51514786481857,3.728889226913452
304,64.5,172.57485169172287,4.5063090324401855
305,65.37,170.5983572602272,3.8803842067718506
306,64.85,172.58148926496506,4.132548809051514
307,64.15,175.51388835906982,4.0678510665893555
308,65.23,169.47032183408737,4.498565673828125
309,65.51,166.88179647922516,4.104193210601807
310,64.08,178.62549775838852,3.726193428039551
311,63.91,181.35641473531723,4.700094699859619
312,64.76,174.73165559768677,4.907532691955566
313,65.22,176.6351375579834,4.2135210037231445
314,65.0,168.22273910045624,4.1228837966918945
315,64.68,177.08556193113327,3.869795322418213
316,65.43,170.07827043533325,4.32252311706543
317,65.31,167.10896092653275,4.059317588806152
318,65.04,175.7238810658455,3.722320318222046
319,65.47,171.86094319820404,4.350967884063721
320,65.05,174.19831430912018,4.153251647949219
321,64.74,173.0339481830597,4.230803966522217
322,64.93,173.03923350572586,3.9988698959350586
323,64.61,181.5320007801056,4.16176700592041
324,65.63,168.6390858590603,4.786045074462891
325,65.22,170.52510285377502,3.8235275745391846
326,65.77,165.3905834853649,4.084659576416016
327,65.31,170.24855601787567,3.7170357704162598
328,65.26,172.8575564622879,3.981778621673584
329,65.89,166.1818068921566,4.282332897186279
330,65.92,169.17786672711372,3.6265406608581543
331,65.36,173.05318278074265,3.933281660079956
332,65.42,175.78391057252884,4.22438907623291
333,65.9,167.39553862810135,4.401840686798096
334,66.68,162.7101449072361,3.5687127113342285
335,65.8,172.0808024406433,3.6894023418426514
336,65.33,179.9267805814743,4.302937030792236
337,64.81,174.4270635843277,4.508991241455078
338,65.47,173.08933502435684,3.8611345291137695
339,65.22,176.50276374816895,4.044390678405762
340,65.7,175.5577799975872,4.401488780975342
341,66.37,172.76238650083542,4.212087631225586
342,65.09,178.2800835967064,4.329613208770752
343,66.38,165.16882407665253,4.895502090454102
344,65.53,175.050590634346,3.5425384044647217
345,65.27,179.4849351644516,4.05293607711792
346,65.32,175.57355031371117,4.352753639221191
347,66.27,170.94718044996262,4.542731761932373
348,65.75,176.26802337169647,3.6664090156555176
349,65.43,176.93366912007332,4.395042896270752
350,65.83,176.72650983929634,4.013591289520264
351,64.86,181.54668766260147,4.086435317993164
352,66.87,168.65005564689636,5.352504730224609
353,66.83,166.7608318924904,3.6628899574279785
354,66.02,171.21786293387413,3.627875804901123
355,67.3,163.31994554400444,4.15142297744751
356,65.61,176.21804416179657,3.0800669193267822
357,65.99,180.42578279972076,4.537173271179199
358,66.41,176.75630366802216,4.472801685333252
359,66.6,170.37310460209846,4.085875034332275
360,66.03,176.349727332592,3.712324619293213
361,66.0,170.050899207592,4.179791450500488
362,65.76,176.67052149772644,3.6549007892608643
363,66.38,171.53139027953148,4.1579389572143555
364,66.34,171.62126514315605,3.9500179290771484
365,66.88,168.52384635806084,3.951881170272827
366,66.16,172.60577988624573,3.6185996532440186
367,66.08,170.7429205775261,4.297434329986572
368,66.92,170.5192347764969,4.187596797943115
369,66.99,167.28973579406738,3.9994618892669678
370,66.46,176.72955977916718,3.5834970474243164
371,67.87,163.22542196512222,4.496335983276367
372,66.55,174.88116478919983,3.2685928344726562
373,66.68,166.84431931376457,4.481780529022217
374,66.41,172.0203123986721,3.833388328552246
375,67.05,166.25607603788376,4.121786117553711
376,68.39,161.62578573822975,3.174048900604248
377,66.68,170.0164129137993,3.443692922592163
378,66.64,171.4410775601864,4.257011890411377
379,67.07,172.49587178230286,3.9120259284973145
380,66.74,170.55897587537766,4.299229145050049
381,65.89,176.02459135651588,3.939626932144165
382,65.68,178.51470279693604,3.8837597370147705
383,66.56,167.54828330874443,4.526453971862793
384,67.33,162.75147849321365,3.553138256072998
385,67.55,169.37375670671463,3.3300294876098633
386,66.24,176.13033884763718,3.7985999584198
387,65.9,177.317606985569,4.2994489669799805
388,67.23,168.1562677025795,4.588493347167969
389,67.0,169.2494567334652,3.5746207237243652
390,66.48,167.4959981739521,3.5628881454467773
391,66.21,174.0167500078678,3.8747541904449463
392,67.15,175.19952487945557,4.08579683303833
393,65.61,193.55565375089645,4.126303195953369
394,66.69,181.0888625383377,5.10870361328125
395,67.39,171.52419856190681,4.306245803833008
396,66.6,175.94154706597328,3.2435500621795654
397,66.37,179.55371630191803,4.117258548736572
398,66.28,180.25901094079018,4.542136192321777
399,66.85,171.94266721606255,4.498727321624756
400,66.79,171.31709164381027,3.67293381690979
401,67.73,167.9893229007721,3.739691972732544
402,66.83,172.37428331375122,3.4304511547088623
403,66.59,177.7761876285076,3.491208076477051
404,67.9,167.66060239076614,4.258914947509766
405,67.61,169.1535029411316,3.0875580310821533
406,66.85,169.29734340310097,3.273580312728882
407,66.51,173.59245720505714,3.689702033996582
408,67.14,170.27391263842583,3.9383444786071777
409,66.65,174.24731528759003,3.678269386291504
410,67.09,177.90315413475037,3.805131673812866
411,67.3,171.6624641418457,4.179305553436279
412,67.8,167.01784867048264,3.6553900241851807
413,66.42,175.99758160114288,3.0939204692840576
414,66.68,173.41775533556938,4.142790794372559
415,66.59,184.69268772006035,3.7777512073516846
416,67.1,174.17448711395264,4.5452985763549805
417,66.52,187.36857467889786,4.018497943878174
418,66.22,179.53617322444916,4.901029586791992
419,66.46,176.32879382371902,4.157851219177246
420,66.47,180.89554697275162,3.9042866230010986
421,67.05,172.2497533261776,4.232911109924316
422,67.0,175.95650833845139,3.8163161277770996
423,66.73,176.87196350097656,4.30536413192749
424,65.89,189.65352946519852,4.718445777893066
425,69.16,166.747345328331,5.114593029022217
426,69.44,170.94959485530853,3.2877180576324463
427,66.73,190.38772428035736,3.8403213024139404
428,68.19,166.94985339045525,5.212766170501709
429,67.82,171.1291025876999,3.1643757820129395
430,67.51,174.08492797613144,3.1728029251098633
431,67.37,170.7486682832241,3.764878511428833
432,66.79,174.64784747362137,3.2494418621063232
433,67.61,171.21446949243546,4.034924507141113
434,67.12,178.6602322459221,3.8072562217712402
435,67.56,173.165378510952,4.398532390594482
436,67.23,177.18529865145683,3.8338992595672607
437,67.28,172.25680121779442,4.529618263244629
438,66.87,182.6602858901024,3.829775094985962
439,66.97,179.01403325796127,5.100933074951172
440,67.81,171.55384302139282,4.260490894317627
441,67.53,172.56181913614273,3.5171377658843994
442,67.46,177.70227533578873,3.7232325077056885
443,68.4,164.73385509848595,3.970442533493042
444,69.73,164.69411742687225,3.0539772510528564
445,67.37,179.63219913840294,2.9344444274902344
446,67.27,179.89954268932343,4.519830226898193
447,68.08,171.67552110552788,4.070664882659912
448,67.53,179.386612534523,3.238783359527588
449,68.06,170.55551525950432,4.252213001251221
450,68.53,164.9388950765133,3.0954294204711914
451,67.1,182.30263721942902,2.715878486633301
452,68.28,168.58231204748154,4.2600226402282715
453,66.85,188.70819509029388,3.3913350105285645
454,69.37,168.32336726784706,4.495737075805664
455,67.66,181.36962926387787,3.009916067123413
456,67.19,179.20477932691574,4.731689929962158
457,68.13,170.46286725997925,3.968543291091919
458,67.62,177.3370344042778,3.276566982269287
459,67.43,172.95129418373108,4.023951053619385
460,67.77,173.83635276556015,3.826979160308838
461,67.94,172.74189567565918,4.074171543121338
462,67.29,179.16789174079895,3.8865392208099365
463,67.05,175.69470489025116,4.531155109405518
464,67.31,181.84990179538727,3.7057442665100098
465,67.56,172.97389569878578,4.359461784362793
466,70.56,169.18145072460175,3.6813855171203613
467,68.49,166.7104771733284,3.643726110458374
468,69.04,160.5822904407978,2.983887195587158
469,67.24,175.66867768764496,2.5979437828063965
470,67.64,176.4094874560833,3.7692127227783203
471,67.17,174.20577263832092,3.6085896492004395
472,67.34,180.65723538398743,3.705477476119995
473,67.95,169.6416835784912,4.515117168426514
474,68.2,168.40899589657784,3.309422016143799
475,66.99,182.7262498140335,3.0479049682617188
476,68.06,169.8914587199688,4.3917555809021
477,67.02,175.61677193641663,3.343895673751831
478,67.13,179.05720007419586,3.974320411682129
479,67.69,172.64498901367188,4.170677185058594
480,67.79,173.5918571650982,3.3808186054229736
481,67.93,169.2667905986309,3.855936288833618
482,67.93,165.97975811362267,3.6120200157165527
483,68.14,167.5559847354889,3.0264625549316406
484,64.33,235.57177823781967,3.0804667472839355
485,67.93,175.18089973926544,7.496197700500488
486,68.79,165.34356907010078,4.103714466094971
