round,acc,loss,Fw_norm
0,27.57,319.8854260444641,0.03377391770482063
1,44.1,235.0863939523697,0.8481712341308594
2,54.88,192.1774508357048,0.8402963280677795
3,62.44,162.96375632286072,0.7104349136352539
4,67.51,143.18456149101257,0.5096688270568848
5,70.72,129.82061564922333,0.3659854829311371
6,73.52,119.81383937597275,0.46162089705467224
7,75.71,112.180779337883,0.4344174861907959
8,77.49,106.31800878047943,0.40283092856407166
9,78.57,103.0318992137909,0.37451228499412537
10,79.37,100.50313390791416,0.5083577632904053
11,80.37,97.94093091785908,0.5231695175170898
12,81.0,96.12168723344803,0.5622168779373169
13,81.51,94.60153852403164,0.4463742673397064
14,82.04,93.27863964438438,0.5349956750869751
15,82.38,93.10790006816387,0.45783254504203796
16,82.77,92.47456876933575,0.47064876556396484
17,83.2,92.40041165798903,0.4209926426410675
18,83.3,92.43459136039019,0.49213629961013794
19,83.41,92.98955918848515,0.4580894708633423
20,84.02,93.12991799414158,0.4946165382862091
21,84.02,92.93087127059698,0.4620603024959564
22,84.33,92.40365336835384,0.47409874200820923
23,84.39,92.93900705128908,0.41678136587142944
24,84.59,93.45482685416937,0.44602835178375244
25,84.84,93.5268629565835,0.45499181747436523
26,84.88,94.07023460417986,0.46391090750694275
27,84.99,93.45217477530241,0.4302552044391632
28,85.3,93.51446038484573,0.42002227902412415
29,85.19,94.69614355638623,0.40583881735801697
30,84.98,95.73811325058341,0.42228028178215027
31,85.19,96.03620522841811,0.42580902576446533
32,85.16,95.79190893471241,0.43346646428108215
33,85.18,96.70609376579523,0.3841676414012909
34,85.38,96.19381903856993,0.43043723702430725
35,85.43,97.31194460391998,0.3779321312904358
36,85.5,96.8410462513566,0.4019385278224945
37,85.42,98.79992088675499,0.3640297055244446
38,85.74,97.32047514617443,0.42963242530822754
39,85.69,99.14108181744814,0.3913802206516266
40,85.75,99.13023317232728,0.3857342302799225
41,85.69,100.0288688801229,0.36660832166671753
42,85.76,100.32588155567646,0.37433451414108276
43,86.01,99.49897145107388,0.3654533326625824
44,85.98,99.95678345113993,0.3601230978965759
45,85.92,100.09874397143722,0.35308638215065
46,86.03,101.71155397593975,0.35833048820495605
47,86.19,102.39751659706235,0.3492872714996338
48,86.21,101.4210904315114,0.3682478666305542
49,86.06,101.83766147866845,0.35032594203948975
50,86.28,102.26638400927186,0.34541913866996765
51,86.22,102.32772775366902,0.3629562556743622
52,86.15,101.94248658232391,0.33880335092544556
53,86.12,102.44086877256632,0.31006214022636414
54,86.3,102.37699232622981,0.33933591842651367
55,86.35,103.13928154483438,0.3177902102470398
56,86.35,103.92482562735677,0.31054624915122986
57,86.24,103.68040855973959,0.3264091908931732
58,86.14,103.9978032745421,0.32282570004463196
59,86.24,105.12361554801464,0.2968677878379822
60,86.34,104.4565249569714,0.2900632917881012
61,86.3,107.77157821506262,0.2977770268917084
62,86.39,103.63253686763346,0.31724974513053894
63,86.46,103.85659946128726,0.2918141186237335
64,86.41,106.00150921940804,0.28866875171661377
65,86.37,105.38143258169293,0.30833038687705994
66,86.6,107.39447790756822,0.28181225061416626
67,86.48,105.53334891796112,0.28813186287879944
68,86.69,105.9296047873795,0.2857070863246918
69,86.69,106.08172580972314,0.2797650992870331
70,86.51,105.9117751698941,0.2686930298805237
71,86.7,108.82022787630558,0.2655845284461975
72,86.52,106.82578834146261,0.27607759833335876
73,86.6,107.1058733407408,0.26989373564720154
74,86.67,107.48644906654954,0.27515092492103577
75,86.55,106.62857696413994,0.2657392621040344
76,86.62,109.63113076612353,0.25465309619903564
77,86.65,108.04320889338851,0.25930359959602356
78,86.88,107.6804286390543,0.2754390239715576
79,86.74,108.16940124705434,0.24791660904884338
80,86.89,108.63612827658653,0.2531428337097168
81,86.84,106.42293189466,0.24146905541419983
82,86.97,110.0269119516015,0.24444742500782013
83,86.97,109.06918324157596,0.2608076333999634
84,86.76,112.15553402900696,0.2500167787075043
85,86.87,108.37512964382768,0.24199344217777252
86,86.96,108.75032862275839,0.2275375872850418
87,86.86,105.50963087007403,0.24620813131332397
88,87.05,108.49510945752263,0.23739780485630035
89,86.95,108.4781104400754,0.24037140607833862
90,87.06,109.63513262569904,0.24368087947368622
91,87.08,109.66118912771344,0.2398727536201477
92,87.05,107.63548187538981,0.2421395629644394
93,86.97,110.8554243221879,0.2240770310163498
94,87.14,110.84840332344174,0.22925300896167755
95,87.07,110.72343637049198,0.2281849980354309
96,87.06,109.67202080134302,0.23555240035057068
97,87.26,113.17093028035015,0.21696767210960388
98,87.05,110.9553750846535,0.23188906908035278
99,86.85,110.48982493393123,0.2328692078590393
100,87.06,112.30327473767102,0.22027671337127686
101,87.01,111.4524090681225,0.22115160524845123
102,87.2,111.33517384715378,0.223787322640419
103,87.1,109.97687635198236,0.22519993782043457
104,87.01,112.35162583366036,0.2243824452161789
105,87.2,113.41611816547811,0.22283971309661865
106,87.09,111.91100242547691,0.23024201393127441
107,87.07,111.46846775338054,0.21626710891723633
108,87.09,113.67839515022933,0.21816973388195038
109,87.06,112.86205697618425,0.21136808395385742
110,87.19,112.48743857070804,0.2007259726524353
111,87.29,110.96024420112371,0.22231917083263397
112,87.24,108.22684752196074,0.20912835001945496
113,87.38,110.9807010255754,0.21307657659053802
114,87.18,109.95306634157896,0.22066527605056763
115,87.23,109.4333276860416,0.2186741679906845
116,87.3,110.8900286667049,0.20122918486595154
117,87.19,110.27002530544996,0.21113142371177673
118,87.34,111.79466187208891,0.207162007689476
119,87.32,115.2367645278573,0.2121172547340393
120,87.34,113.30982063524425,0.21626493334770203
121,87.29,111.28043775074184,0.2147289216518402
122,87.43,113.92571012396365,0.21559281647205353
123,87.42,115.94114551600069,0.21204738318920135
124,87.32,113.20003725774586,0.21166659891605377
125,87.34,110.18711368367076,0.206804558634758
126,87.35,112.86098413914442,0.2122049182653427
127,87.25,110.885628528893,0.2068028748035431
128,87.42,113.71028836257756,0.20832471549510956
129,87.45,113.55900686606765,0.2121770977973938
130,87.3,110.03687806427479,0.21066619455814362
131,87.45,111.81193115189672,0.19403721392154694
132,87.24,109.01147690415382,0.19556836783885956
133,87.45,112.44054736569524,0.19386619329452515
134,87.35,114.9906716644764,0.2005481868982315
135,87.3,113.74201236665249,0.20686279237270355
136,87.38,112.77306155860424,0.20545798540115356
137,87.31,111.10309426486492,0.19440516829490662
138,87.39,113.47242849692702,0.19688543677330017
139,87.31,110.17920510843396,0.2059478461742401
140,87.38,107.15809240750968,0.19876480102539062
141,87.39,112.50077987089753,0.1836862564086914
142,87.45,111.76070389151573,0.19999977946281433
143,87.47,112.82145206443965,0.193537175655365
144,87.5,110.54864564817399,0.1927645355463028
145,87.49,116.35644475370646,0.20155416429042816
146,87.42,112.96980342268944,0.21254798769950867
147,87.55,111.41497661266476,0.19718866050243378
148,87.54,108.58687105868012,0.1877753585577011
149,87.59,114.77232056297362,0.18716023862361908
150,87.56,114.74815329164267,0.20114119350910187
151,87.49,111.62339797616005,0.19922609627246857
152,87.5,113.2642078306526,0.1928226202726364
153,87.52,111.69197034090757,0.1984364241361618
154,87.6,114.28508928976953,0.20105697214603424
155,87.55,112.0246278848499,0.18776863813400269
156,87.54,111.73156988993287,0.20248591899871826
157,87.45,109.43278440274298,0.19402967393398285
158,87.6,113.30291916243732,0.18118619918823242
159,87.44,114.17757230624557,0.19812560081481934
160,87.59,113.48176882043481,0.1956053227186203
